ENDW,AREGWLD,ENDWRES,SCEN,Value
AEZ1,HighIncome,pe,BAU,173.63597107
AEZ2,HighIncome,pe,BAU,186.81144714
AEZ3,HighIncome,pe,BAU,180.96759033
AEZ4,HighIncome,pe,BAU,67.847351074
AEZ5,HighIncome,pe,BAU,90.248184204
AEZ6,HighIncome,pe,BAU,79.577407837
AEZ7,HighIncome,pe,BAU,72.337890625
AEZ8,HighIncome,pe,BAU,79.447669983
AEZ9,HighIncome,pe,BAU,102.56787109
AEZ10,HighIncome,pe,BAU,106.68843842
AEZ11,HighIncome,pe,BAU,95.645263672
AEZ12,HighIncome,pe,BAU,99.817367554
AEZ13,HighIncome,pe,BAU,137.77732849
AEZ14,HighIncome,pe,BAU,137.80764771
AEZ15,HighIncome,pe,BAU,148.10011292
AEZ16,HighIncome,pe,BAU,143.32574463
AEZ17,HighIncome,pe,BAU,148.10011292
AEZ18,HighIncome,pe,BAU,148.10011292
UnSkLab,HighIncome,pe,BAU,7.47723830863833E-0003
SkLab,HighIncome,pe,BAU,-1.2677770853
Capital,HighIncome,pe,BAU,-14.930911064
NatRes,HighIncome,pe,BAU,138.102005
AEZ1,MidIncome,pe,BAU,98.378677368
AEZ2,MidIncome,pe,BAU,177.13674927
AEZ3,MidIncome,pe,BAU,91.560203552
AEZ4,MidIncome,pe,BAU,127.90539551
AEZ5,MidIncome,pe,BAU,135.04310608
AEZ6,MidIncome,pe,BAU,63.001369476
AEZ7,MidIncome,pe,BAU,91.939880371
AEZ8,MidIncome,pe,BAU,51.262142181
AEZ9,MidIncome,pe,BAU,41.408466339
AEZ10,MidIncome,pe,BAU,36.82692337
AEZ11,MidIncome,pe,BAU,34.620071411
AEZ12,MidIncome,pe,BAU,31.86374855
AEZ13,MidIncome,pe,BAU,38.692432404
AEZ14,MidIncome,pe,BAU,29.822320938
AEZ15,MidIncome,pe,BAU,35.760295868
AEZ16,MidIncome,pe,BAU,60.994049072
AEZ17,MidIncome,pe,BAU,35.021099091
AEZ18,MidIncome,pe,BAU,32.471569061
UnSkLab,MidIncome,pe,BAU,11.543559074
SkLab,MidIncome,pe,BAU,4.0288238525
Capital,MidIncome,pe,BAU,-13.839616776
NatRes,MidIncome,pe,BAU,114.98146057
AEZ1,LowIncome,pe,BAU,66.156005859
AEZ2,LowIncome,pe,BAU,66.080833435
AEZ3,LowIncome,pe,BAU,57.402809143
AEZ4,LowIncome,pe,BAU,64.855056763
AEZ5,LowIncome,pe,BAU,64.150444031
AEZ6,LowIncome,pe,BAU,50.46062088
AEZ7,LowIncome,pe,BAU,29.303218842
AEZ8,LowIncome,pe,BAU,26.005502701
AEZ9,LowIncome,pe,BAU,35.923080444
AEZ10,LowIncome,pe,BAU,34.385948181
AEZ11,LowIncome,pe,BAU,46.8554039
AEZ12,LowIncome,pe,BAU,37.184505463
AEZ13,LowIncome,pe,BAU,63.161781311
AEZ14,LowIncome,pe,BAU,35.335277557
AEZ15,LowIncome,pe,BAU,34.352954865
AEZ16,LowIncome,pe,BAU,47.475013733
AEZ17,LowIncome,pe,BAU,70.519844055
AEZ18,LowIncome,pe,BAU,70.63873291
UnSkLab,LowIncome,pe,BAU,4.7959690094
SkLab,LowIncome,pe,BAU,4.9549798965
Capital,LowIncome,pe,BAU,-6.5998244286
NatRes,LowIncome,pe,BAU,80.990005493
AEZ1,World,pe,BAU,102.32681274
AEZ2,World,pe,BAU,173.1423645
AEZ3,World,pe,BAU,96.011299133
AEZ4,World,pe,BAU,110.69402313
AEZ5,World,pe,BAU,126.62297058
AEZ6,World,pe,BAU,64.159835815
AEZ7,World,pe,BAU,86.576850891
AEZ8,World,pe,BAU,45.526390076
AEZ9,World,pe,BAU,40.918907166
AEZ10,World,pe,BAU,36.516620636
AEZ11,World,pe,BAU,41.142292023
AEZ12,World,pe,BAU,32.960720062
AEZ13,World,pe,BAU,46.389778137
AEZ14,World,pe,BAU,33.396507263
AEZ15,World,pe,BAU,36.489776611
AEZ16,World,pe,BAU,60.921966553
AEZ17,World,pe,BAU,52.550468445
AEZ18,World,pe,BAU,51.867103577
UnSkLab,World,pe,BAU,7.4521799088
SkLab,World,pe,BAU,4.4595537186
Capital,World,pe,BAU,-10.162806511
NatRes,World,pe,BAU,108.48625946
AEZ1,HighIncome,qe,BAU,0.39035826921
AEZ2,HighIncome,qe,BAU,0.70748507977
AEZ3,HighIncome,qe,BAU,2.6403801441
AEZ4,HighIncome,qe,BAU,2.8924715519
AEZ5,HighIncome,qe,BAU,1.8785668612
AEZ6,HighIncome,qe,BAU,0.40863871574
AEZ7,HighIncome,qe,BAU,0.13476859033
AEZ8,HighIncome,qe,BAU,0.074183493853
AEZ9,HighIncome,qe,BAU,0.074775695801
AEZ10,HighIncome,qe,BAU,0.10241035372
AEZ11,HighIncome,qe,BAU,0.10475967824
AEZ12,HighIncome,qe,BAU,-3.39428219012916E-0003
UnSkLab,HighIncome,qe,BAU,13.8125
SkLab,HighIncome,qe,BAU,14.347101212
Capital,HighIncome,qe,BAU,35.490585327
AEZ1,MidIncome,qe,BAU,0.048541542143
AEZ2,MidIncome,qe,BAU,2.3331038952
AEZ3,MidIncome,qe,BAU,1.4652407169
AEZ4,MidIncome,qe,BAU,2.5998988152
AEZ5,MidIncome,qe,BAU,2.2277503014
AEZ6,MidIncome,qe,BAU,4.5996541977
AEZ7,MidIncome,qe,BAU,0.16009505093
AEZ8,MidIncome,qe,BAU,0.36316221952
AEZ9,MidIncome,qe,BAU,0.19947759807
AEZ10,MidIncome,qe,BAU,0.090176038444
AEZ11,MidIncome,qe,BAU,0.04461639747
AEZ12,MidIncome,qe,BAU,0.070429965854
AEZ13,MidIncome,qe,BAU,2.53753294236958E-0003
AEZ14,MidIncome,qe,BAU,0.019042883068
AEZ15,MidIncome,qe,BAU,0.10748074204
AEZ16,MidIncome,qe,BAU,1.27294726553373E-0004
AEZ17,MidIncome,qe,BAU,1.80577862920472E-0005
AEZ18,MidIncome,qe,BAU,1.75243476405740E-0005
UnSkLab,MidIncome,qe,BAU,3.501376152
SkLab,MidIncome,qe,BAU,11.450021744
Capital,MidIncome,qe,BAU,39.127365112
AEZ1,LowIncome,qe,BAU,8.03837925195694E-0003
AEZ2,LowIncome,qe,BAU,6.08006864786148E-0003
AEZ3,LowIncome,qe,BAU,9.49208624660969E-0003
AEZ4,LowIncome,qe,BAU,1.40139646828175E-0003
AEZ5,LowIncome,qe,BAU,1.43874000059441E-0004
AEZ6,LowIncome,qe,BAU,1.66309974156320E-0003
AEZ7,LowIncome,qe,BAU,0.08654499799
AEZ8,LowIncome,qe,BAU,0.26391625404
AEZ9,LowIncome,qe,BAU,0.11466803402
AEZ10,LowIncome,qe,BAU,0.24001201987
AEZ11,LowIncome,qe,BAU,0.20060643554
AEZ12,LowIncome,qe,BAU,0.045697458088
AEZ13,LowIncome,qe,BAU,9.59804128797259E-0006
AEZ14,LowIncome,qe,BAU,0.044108428061
AEZ15,LowIncome,qe,BAU,0.074401557446
AEZ16,LowIncome,qe,BAU,9.06966917682439E-0004
UnSkLab,LowIncome,qe,BAU,1.8011599779
SkLab,LowIncome,qe,BAU,0.9208163023
Capital,LowIncome,qe,BAU,15.96813488
AEZ1,World,qe,BAU,0.087077818811
AEZ2,World,qe,BAU,2.1009294987
AEZ3,World,qe,BAU,1.5211416483
AEZ4,World,qe,BAU,2.6535081863
AEZ5,World,qe,BAU,2.1509871483
AEZ6,World,qe,BAU,4.18689394
AEZ7,World,qe,BAU,0.15451093018
AEZ8,World,qe,BAU,0.33361953497
AEZ9,World,qe,BAU,0.18280445039
AEZ10,World,qe,BAU,0.16605468094
AEZ11,World,qe,BAU,0.11067486554
AEZ12,World,qe,BAU,0.067017450929
AEZ13,World,qe,BAU,2.00871168635786E-0003
AEZ14,World,qe,BAU,0.024494819343
AEZ15,World,qe,BAU,0.092988431454
AEZ16,World,qe,BAU,2.29141718591563E-0004
AEZ17,World,qe,BAU,1.13729111035354E-0005
AEZ18,World,qe,BAU,1.06940133264288E-0005
UnSkLab,World,qe,BAU,2.7076897621
SkLab,World,qe,BAU,5.0908107758
Capital,World,qe,BAU,26.42398262
AEZ1,HighIncome,pe,BAU_noES,153.34840393
AEZ2,HighIncome,pe,BAU_noES,162.06962585
AEZ3,HighIncome,pe,BAU_noES,158.53813171
AEZ4,HighIncome,pe,BAU_noES,80.236534119
AEZ5,HighIncome,pe,BAU_noES,104.15910339
AEZ6,HighIncome,pe,BAU_noES,106.24237823
AEZ7,HighIncome,pe,BAU_noES,82.475334167
AEZ8,HighIncome,pe,BAU_noES,91.509559631
AEZ9,HighIncome,pe,BAU_noES,114.96305084
AEZ10,HighIncome,pe,BAU_noES,118.88171387
AEZ11,HighIncome,pe,BAU_noES,105.68704987
AEZ12,HighIncome,pe,BAU_noES,110.75524902
AEZ13,HighIncome,pe,BAU_noES,131.65779114
AEZ14,HighIncome,pe,BAU_noES,131.67446899
AEZ15,HighIncome,pe,BAU_noES,136.92210388
AEZ16,HighIncome,pe,BAU_noES,134.20285034
AEZ17,HighIncome,pe,BAU_noES,136.92210388
AEZ18,HighIncome,pe,BAU_noES,136.92210388
UnSkLab,HighIncome,pe,BAU_noES,-5.7455291748
SkLab,HighIncome,pe,BAU_noES,-7.2625808716
Capital,HighIncome,pe,BAU_noES,-24.837612152
NatRes,HighIncome,pe,BAU_noES,243.63208008
AEZ1,MidIncome,pe,BAU_noES,85.90687561
AEZ2,MidIncome,pe,BAU_noES,110.67285919
AEZ3,MidIncome,pe,BAU_noES,75.6326828
AEZ4,MidIncome,pe,BAU_noES,97.701499939
AEZ5,MidIncome,pe,BAU_noES,111.83469391
AEZ6,MidIncome,pe,BAU_noES,82.828712463
AEZ7,MidIncome,pe,BAU_noES,77.910865784
AEZ8,MidIncome,pe,BAU_noES,63.145195007
AEZ9,MidIncome,pe,BAU_noES,56.901927948
AEZ10,MidIncome,pe,BAU_noES,57.499774933
AEZ11,MidIncome,pe,BAU_noES,54.063484192
AEZ12,MidIncome,pe,BAU_noES,48.867107391
AEZ13,MidIncome,pe,BAU_noES,65.512054443
AEZ14,MidIncome,pe,BAU_noES,50.620376587
AEZ15,MidIncome,pe,BAU_noES,58.720024109
AEZ16,MidIncome,pe,BAU_noES,84.505775452
AEZ17,MidIncome,pe,BAU_noES,51.851139069
AEZ18,MidIncome,pe,BAU_noES,47.887851715
UnSkLab,MidIncome,pe,BAU_noES,7.3350782394
SkLab,MidIncome,pe,BAU_noES,-1.2277514935
Capital,MidIncome,pe,BAU_noES,-22.185750961
NatRes,MidIncome,pe,BAU_noES,216.21730042
AEZ1,LowIncome,pe,BAU_noES,72.744361877
AEZ2,LowIncome,pe,BAU_noES,72.630401611
AEZ3,LowIncome,pe,BAU_noES,64.440544128
AEZ4,LowIncome,pe,BAU_noES,70.609313965
AEZ5,LowIncome,pe,BAU_noES,71.724411011
AEZ6,LowIncome,pe,BAU_noES,55.457794189
AEZ7,LowIncome,pe,BAU_noES,44.278503418
AEZ8,LowIncome,pe,BAU_noES,37.278835297
AEZ9,LowIncome,pe,BAU_noES,48.428436279
AEZ10,LowIncome,pe,BAU_noES,45.217365265
AEZ11,LowIncome,pe,BAU_noES,52.420009613
AEZ12,LowIncome,pe,BAU_noES,50.900405884
AEZ13,LowIncome,pe,BAU_noES,73.606361389
AEZ14,LowIncome,pe,BAU_noES,51.389160156
AEZ15,LowIncome,pe,BAU_noES,47.239501953
AEZ16,LowIncome,pe,BAU_noES,61.72718811
AEZ17,LowIncome,pe,BAU_noES,76.081481934
AEZ18,LowIncome,pe,BAU_noES,76.260810852
UnSkLab,LowIncome,pe,BAU_noES,3.6173779964
SkLab,LowIncome,pe,BAU_noES,4.1780138016
Capital,LowIncome,pe,BAU_noES,-11.139446259
NatRes,LowIncome,pe,BAU_noES,226.00672913
AEZ1,World,pe,BAU_noES,94.368484497
AEZ2,World,pe,BAU_noES,114.44150543
AEZ3,World,pe,BAU_noES,82.246520996
AEZ4,World,pe,BAU_noES,93.639396667
AEZ5,World,pe,BAU_noES,110.41474915
AEZ6,World,pe,BAU_noES,84.491134644
AEZ7,World,pe,BAU_noES,76.216094971
AEZ8,World,pe,BAU_noES,58.25976181
AEZ9,World,pe,BAU_noES,56.102619171
AEZ10,World,pe,BAU_noES,52.563899994
AEZ11,World,pe,BAU_noES,55.185768127
AEZ12,World,pe,BAU_noES,49.794830322
AEZ13,World,pe,BAU_noES,71.285301208
AEZ14,World,pe,BAU_noES,53.831687927
AEZ15,World,pe,BAU_noES,55.907215118
AEZ16,World,pe,BAU_noES,83.21647644
AEZ17,World,pe,BAU_noES,69.020706177
AEZ18,World,pe,BAU_noES,67.872184753
UnSkLab,World,pe,BAU_noES,5.0144882202
SkLab,World,pe,BAU_noES,1.7057647705
Capital,World,pe,BAU_noES,-16.963502884
NatRes,World,pe,BAU_noES,218.82369995
AEZ1,HighIncome,qe,BAU_noES,0.34137499332
AEZ2,HighIncome,qe,BAU_noES,0.62138468027
AEZ3,HighIncome,qe,BAU_noES,2.2501089573
AEZ4,HighIncome,qe,BAU_noES,2.8322663307
AEZ5,HighIncome,qe,BAU_noES,1.6807342768
AEZ6,HighIncome,qe,BAU_noES,0.5139400363
AEZ7,HighIncome,qe,BAU_noES,0.16069851816
AEZ8,HighIncome,qe,BAU_noES,0.081997714937
AEZ9,HighIncome,qe,BAU_noES,0.079777657986
AEZ10,HighIncome,qe,BAU_noES,0.11226733774
AEZ11,HighIncome,qe,BAU_noES,0.095710285008
AEZ12,HighIncome,qe,BAU_noES,4.29273722693324E-0003
UnSkLab,HighIncome,qe,BAU_noES,19.120874405
SkLab,HighIncome,qe,BAU_noES,18.489315033
Capital,HighIncome,qe,BAU_noES,47.642692566
AEZ1,MidIncome,qe,BAU_noES,0.044056385756
AEZ2,MidIncome,qe,BAU_noES,1.5068215132
AEZ3,MidIncome,qe,BAU_noES,1.2692096233
AEZ4,MidIncome,qe,BAU_noES,1.9646334648
AEZ5,MidIncome,qe,BAU_noES,1.6964985132
AEZ6,MidIncome,qe,BAU_noES,4.5201826096
AEZ7,MidIncome,qe,BAU_noES,0.11697136611
AEZ8,MidIncome,qe,BAU_noES,0.40237110853
AEZ9,MidIncome,qe,BAU_noES,0.26112690568
AEZ10,MidIncome,qe,BAU_noES,0.11548124254
AEZ11,MidIncome,qe,BAU_noES,0.057311020792
AEZ12,MidIncome,qe,BAU_noES,0.084405042231
AEZ13,MidIncome,qe,BAU_noES,5.26965130120516E-0003
AEZ14,MidIncome,qe,BAU_noES,0.022511161864
AEZ15,MidIncome,qe,BAU_noES,0.11625281721
AEZ16,MidIncome,qe,BAU_noES,8.66152331582271E-0005
AEZ17,MidIncome,qe,BAU_noES,1.45539042932796E-0005
AEZ18,MidIncome,qe,BAU_noES,2.67216619249666E-0005
UnSkLab,MidIncome,qe,BAU_noES,4.3817229271
SkLab,MidIncome,qe,BAU_noES,14.988154411
Capital,MidIncome,qe,BAU_noES,54.572151184
AEZ1,LowIncome,qe,BAU_noES,-2.30096280574799E-0003
AEZ2,LowIncome,qe,BAU_noES,-7.96620617620647E-0004
AEZ3,LowIncome,qe,BAU_noES,-5.83817949518561E-0003
AEZ4,LowIncome,qe,BAU_noES,4.50699473731220E-0004
AEZ5,LowIncome,qe,BAU_noES,1.01899837318342E-0004
AEZ6,LowIncome,qe,BAU_noES,7.33659835532308E-0005
AEZ7,LowIncome,qe,BAU_noES,-0.042707148939
AEZ8,LowIncome,qe,BAU_noES,0.27187076211
AEZ9,LowIncome,qe,BAU_noES,0.12864302099
AEZ10,LowIncome,qe,BAU_noES,0.31082811952
AEZ11,LowIncome,qe,BAU_noES,0.21875947714
AEZ12,LowIncome,qe,BAU_noES,0.065583430231
AEZ13,LowIncome,qe,BAU_noES,1.46920974657405E-0005
AEZ14,LowIncome,qe,BAU_noES,0.051322057843
AEZ15,LowIncome,qe,BAU_noES,0.089099153876
AEZ16,LowIncome,qe,BAU_noES,8.68553703185171E-0004
UnSkLab,LowIncome,qe,BAU_noES,2.537348032
SkLab,LowIncome,qe,BAU_noES,1.085718751
Capital,LowIncome,qe,BAU_noES,21.250669479
AEZ1,World,qe,BAU_noES,0.088869191706
AEZ2,World,qe,BAU_noES,1.3789181709
AEZ3,World,qe,BAU_noES,1.346780777
AEZ4,World,qe,BAU_noES,2.136567831
AEZ5,World,qe,BAU_noES,1.68140769
AEZ6,World,qe,BAU_noES,4.1077690125
AEZ7,World,qe,BAU_noES,0.11056768149
AEZ8,World,qe,BAU_noES,0.36799615622
AEZ9,World,qe,BAU_noES,0.23547296226
AEZ10,World,qe,BAU_noES,0.21107837558
AEZ11,World,qe,BAU_noES,0.1262062043
AEZ12,World,qe,BAU_noES,0.081215240061
AEZ13,World,qe,BAU_noES,3.99270839989185E-0003
AEZ14,World,qe,BAU_noES,0.028429022059
AEZ15,World,qe,BAU_noES,0.10306253284
AEZ16,World,qe,BAU_noES,1.79515613126569E-0004
AEZ17,World,qe,BAU_noES,8.24696871859487E-0006
AEZ18,World,qe,BAU_noES,1.42924436659086E-0005
UnSkLab,World,qe,BAU_noES,3.6155083179
SkLab,World,qe,BAU_noES,6.8201584816
Capital,World,qe,BAU_noES,36.8712883
AEZ1,HighIncome,pe,BAU_aES,-0.37595069408
AEZ2,HighIncome,pe,BAU_aES,0.90535396338
AEZ3,HighIncome,pe,BAU_aES,0.16312144697
AEZ4,HighIncome,pe,BAU_aES,-1.0196524858
AEZ5,HighIncome,pe,BAU_aES,3.632622242
AEZ6,HighIncome,pe,BAU_aES,4.8618311882
AEZ7,HighIncome,pe,BAU_aES,-1.6205524206
AEZ8,HighIncome,pe,BAU_aES,-0.89857065678
AEZ9,HighIncome,pe,BAU_aES,0.52074116468
AEZ10,HighIncome,pe,BAU_aES,0.37640619278
AEZ11,HighIncome,pe,BAU_aES,0.6510746479
AEZ12,HighIncome,pe,BAU_aES,1.6356393099
AEZ13,HighIncome,pe,BAU_aES,-0.658444345
AEZ14,HighIncome,pe,BAU_aES,-0.65811437368
AEZ15,HighIncome,pe,BAU_aES,-0.64247173071
AEZ16,HighIncome,pe,BAU_aES,-0.63732671738
AEZ17,HighIncome,pe,BAU_aES,-0.64247179031
AEZ18,HighIncome,pe,BAU_aES,-0.64247173071
UnSkLab,HighIncome,pe,BAU_aES,-0.68976968527
SkLab,HighIncome,pe,BAU_aES,-0.79562819004
Capital,HighIncome,pe,BAU_aES,-0.92659753561
NatRes,HighIncome,pe,BAU_aES,5.6369361877
AEZ1,MidIncome,pe,BAU_aES,-1.0049909353
AEZ2,MidIncome,pe,BAU_aES,0.167576015
AEZ3,MidIncome,pe,BAU_aES,-1.4945927858
AEZ4,MidIncome,pe,BAU_aES,-1.0362496376
AEZ5,MidIncome,pe,BAU_aES,0.1797131449
AEZ6,MidIncome,pe,BAU_aES,2.4615712166
AEZ7,MidIncome,pe,BAU_aES,-1.4860342741
AEZ8,MidIncome,pe,BAU_aES,-1.4377682209
AEZ9,MidIncome,pe,BAU_aES,-2.2826459408
AEZ10,MidIncome,pe,BAU_aES,-2.4458239079
AEZ11,MidIncome,pe,BAU_aES,-2.6192696095
AEZ12,MidIncome,pe,BAU_aES,-3.4988040924
AEZ13,MidIncome,pe,BAU_aES,-1.4590792656
AEZ14,MidIncome,pe,BAU_aES,-0.81833606958
AEZ15,MidIncome,pe,BAU_aES,-0.068009190261
AEZ16,MidIncome,pe,BAU_aES,0.70015764236
AEZ17,MidIncome,pe,BAU_aES,-1.8575731516
AEZ18,MidIncome,pe,BAU_aES,-2.3800008297
UnSkLab,MidIncome,pe,BAU_aES,-0.77284359932
SkLab,MidIncome,pe,BAU_aES,-0.7139351368
Capital,MidIncome,pe,BAU_aES,-0.60336315632
NatRes,MidIncome,pe,BAU_aES,5.3437261581
AEZ1,LowIncome,pe,BAU_aES,-2.6822941303
AEZ2,LowIncome,pe,BAU_aES,-2.7116026878
AEZ3,LowIncome,pe,BAU_aES,-2.9953484535
AEZ4,LowIncome,pe,BAU_aES,-2.8771924973
AEZ5,LowIncome,pe,BAU_aES,-2.7407212257
AEZ6,LowIncome,pe,BAU_aES,-3.3940370083
AEZ7,LowIncome,pe,BAU_aES,-3.1457643509
AEZ8,LowIncome,pe,BAU_aES,-3.3977813721
AEZ9,LowIncome,pe,BAU_aES,-2.4316313267
AEZ10,LowIncome,pe,BAU_aES,-1.6126843691
AEZ11,LowIncome,pe,BAU_aES,-2.0408840179
AEZ12,LowIncome,pe,BAU_aES,-1.8436183929
AEZ13,LowIncome,pe,BAU_aES,-2.3258545399
AEZ14,LowIncome,pe,BAU_aES,-0.40839910507
AEZ15,LowIncome,pe,BAU_aES,-0.187816903
AEZ16,LowIncome,pe,BAU_aES,-1.2325532436
AEZ17,LowIncome,pe,BAU_aES,-2.6071748734
AEZ18,LowIncome,pe,BAU_aES,-2.6229674816
UnSkLab,LowIncome,pe,BAU_aES,-0.20434826612
SkLab,LowIncome,pe,BAU_aES,-0.18855907023
Capital,LowIncome,pe,BAU_aES,-0.2451197505
NatRes,LowIncome,pe,BAU_aES,4.8996105194
AEZ1,World,pe,BAU_aES,-1.0428911448
AEZ2,World,pe,BAU_aES,0.19064968824
AEZ3,World,pe,BAU_aES,-1.3202546835
AEZ4,World,pe,BAU_aES,-1.0443632603
AEZ5,World,pe,BAU_aES,0.63716697693
AEZ6,World,pe,BAU_aES,2.6285040379
AEZ7,World,pe,BAU_aES,-1.5622031689
AEZ8,World,pe,BAU_aES,-1.7883443832
AEZ9,World,pe,BAU_aES,-2.2603311539
AEZ10,World,pe,BAU_aES,-1.964569211
AEZ11,World,pe,BAU_aES,-2.2262101173
AEZ12,World,pe,BAU_aES,-3.2275481224
AEZ13,World,pe,BAU_aES,-1.5300931931
AEZ14,World,pe,BAU_aES,-0.71186316013
AEZ15,World,pe,BAU_aES,-0.12977543473
AEZ16,World,pe,BAU_aES,0.41748178005
AEZ17,World,pe,BAU_aES,-1.8839601278
AEZ18,World,pe,BAU_aES,-2.1481678486
UnSkLab,World,pe,BAU_aES,-0.46160623431
SkLab,World,pe,BAU_aES,-0.41634094715
Capital,World,pe,BAU_aES,-0.43789449334
NatRes,World,pe,BAU_aES,5.2708516121
AEZ1,HighIncome,qe,BAU_aES,-2.01905728317797E-0003
AEZ2,HighIncome,qe,BAU_aES,0.030656892806
AEZ3,HighIncome,qe,BAU_aES,-3.63003066740930E-0003
AEZ4,HighIncome,qe,BAU_aES,-0.078691862524
AEZ5,HighIncome,qe,BAU_aES,-0.029265802354
AEZ6,HighIncome,qe,BAU_aES,-4.70190821215510E-0003
AEZ7,HighIncome,qe,BAU_aES,-3.20037687197328E-0003
AEZ8,HighIncome,qe,BAU_aES,-1.78364734165370E-0003
AEZ9,HighIncome,qe,BAU_aES,1.13504931505304E-0004
AEZ10,HighIncome,qe,BAU_aES,6.29125803243369E-0004
AEZ11,HighIncome,qe,BAU_aES,2.18032670090906E-0004
AEZ12,HighIncome,qe,BAU_aES,-1.62103257025592E-0004
AEZ1,MidIncome,qe,BAU_aES,-6.14628370385617E-0004
AEZ2,MidIncome,qe,BAU_aES,-0.010972363874
AEZ3,MidIncome,qe,BAU_aES,-0.021869106218
AEZ4,MidIncome,qe,BAU_aES,-0.031139558181
AEZ5,MidIncome,qe,BAU_aES,-0.037743441761
AEZ6,MidIncome,qe,BAU_aES,0.20846688747
AEZ7,MidIncome,qe,BAU_aES,-1.56984839122742E-0003
AEZ8,MidIncome,qe,BAU_aES,-0.010929974727
AEZ9,MidIncome,qe,BAU_aES,-0.01064496208
AEZ10,MidIncome,qe,BAU_aES,-7.23772216588259E-0003
AEZ11,MidIncome,qe,BAU_aES,-1.38520810287446E-0003
AEZ12,MidIncome,qe,BAU_aES,-4.74440492689610E-0003
AEZ13,MidIncome,qe,BAU_aES,-9.44025960052386E-0005
AEZ14,MidIncome,qe,BAU_aES,-7.80303671490401E-0004
AEZ15,MidIncome,qe,BAU_aES,-5.65988477319479E-0003
AEZ16,MidIncome,qe,BAU_aES,-2.85006876765692E-0006
AEZ17,MidIncome,qe,BAU_aES,-7.17008532546970E-0008
AEZ18,MidIncome,qe,BAU_aES,-1.95981351680530E-0006
AEZ1,LowIncome,qe,BAU_aES,-2.96040228568017E-0003
AEZ2,LowIncome,qe,BAU_aES,-2.18567857518792E-0003
AEZ3,LowIncome,qe,BAU_aES,-4.07220143824816E-0003
AEZ4,LowIncome,qe,BAU_aES,-2.94884492177516E-0004
AEZ5,LowIncome,qe,BAU_aES,-1.61461721290834E-0005
AEZ6,LowIncome,qe,BAU_aES,-4.40798030467704E-0004
AEZ7,LowIncome,qe,BAU_aES,-0.041334953159
AEZ8,LowIncome,qe,BAU_aES,-0.041336286813
AEZ9,LowIncome,qe,BAU_aES,-8.49324371665716E-0003
AEZ10,LowIncome,qe,BAU_aES,-0.010309625417
AEZ11,LowIncome,qe,BAU_aES,-7.53527972847223E-0003
AEZ12,LowIncome,qe,BAU_aES,-2.33269319869578E-0003
AEZ13,LowIncome,qe,BAU_aES,2.19532083178819E-0007
AEZ14,LowIncome,qe,BAU_aES,-2.66633112914860E-0003
AEZ15,LowIncome,qe,BAU_aES,-3.89402871951461E-0003
AEZ16,LowIncome,qe,BAU_aES,-5.62371751584578E-0005
AEZ1,World,qe,BAU_aES,-1.10228150151670E-0003
AEZ2,World,qe,BAU_aES,-6.07988378033042E-0003
AEZ3,World,qe,BAU_aES,-0.019516464323
AEZ4,World,qe,BAU_aES,-0.040780443698
AEZ5,World,qe,BAU_aES,-0.03630534187
AEZ6,World,qe,BAU_aES,0.18668204546
AEZ7,World,qe,BAU_aES,-3.34101496264338E-0003
AEZ8,World,qe,BAU_aES,-0.016297796741
AEZ9,World,qe,BAU_aES,-0.010093962774
AEZ10,World,qe,BAU_aES,-8.48053209483624E-0003
AEZ11,World,qe,BAU_aES,-3.86901618912816E-0003
AEZ12,World,qe,BAU_aES,-4.39139222726226E-0003
AEZ13,World,qe,BAU_aES,-7.01414246577769E-0005
AEZ14,World,qe,BAU_aES,-1.18547957390547E-0003
AEZ15,World,qe,BAU_aES,-4.83869109302759E-0003
AEZ16,World,qe,BAU_aES,-8.86291581991827E-0006
AEZ17,World,qe,BAU_aES,-3.79479985213038E-0008
AEZ18,World,qe,BAU_aES,-9.76265596364101E-0007
AEZ1,HighIncome,pe,GlOBPES,1.6310859919
AEZ2,HighIncome,pe,GlOBPES,1.3268860579
AEZ3,HighIncome,pe,GlOBPES,1.2817858458
AEZ4,HighIncome,pe,GlOBPES,0.71012443304
AEZ5,HighIncome,pe,GlOBPES,0.44426447153
AEZ6,HighIncome,pe,GlOBPES,0.41923171282
AEZ7,HighIncome,pe,GlOBPES,0.17944835126
AEZ8,HighIncome,pe,GlOBPES,0.17511163652
AEZ9,HighIncome,pe,GlOBPES,0.32952365279
AEZ10,HighIncome,pe,GlOBPES,0.47820103168
AEZ11,HighIncome,pe,GlOBPES,0.56196731329
AEZ12,HighIncome,pe,GlOBPES,0.74525606632
AEZ13,HighIncome,pe,GlOBPES,1.1796579361
AEZ14,HighIncome,pe,GlOBPES,1.1799190044
AEZ15,HighIncome,pe,GlOBPES,1.2221153975
AEZ16,HighIncome,pe,GlOBPES,1.2004650831
AEZ17,HighIncome,pe,GlOBPES,1.2221153975
AEZ18,HighIncome,pe,GlOBPES,1.2221153975
UnSkLab,HighIncome,pe,GlOBPES,0.083534680307
SkLab,HighIncome,pe,GlOBPES,0.014694700018
Capital,HighIncome,pe,GlOBPES,0.046811200678
NatRes,HighIncome,pe,GlOBPES,0.08394087106
AEZ1,MidIncome,pe,GlOBPES,-1.4973232746
AEZ2,MidIncome,pe,GlOBPES,-0.30940017104
AEZ3,MidIncome,pe,GlOBPES,-0.28780442476
AEZ4,MidIncome,pe,GlOBPES,0.20013365149
AEZ5,MidIncome,pe,GlOBPES,0.43279698491
AEZ6,MidIncome,pe,GlOBPES,3.7439477444
AEZ7,MidIncome,pe,GlOBPES,-1.9340459108
AEZ8,MidIncome,pe,GlOBPES,-1.2196806669
AEZ9,MidIncome,pe,GlOBPES,-1.4428316355
AEZ10,MidIncome,pe,GlOBPES,-1.5690351725
AEZ11,MidIncome,pe,GlOBPES,-1.54347229
AEZ12,MidIncome,pe,GlOBPES,-1.9630401134
AEZ13,MidIncome,pe,GlOBPES,-1.1667833328
AEZ14,MidIncome,pe,GlOBPES,-0.75046515465
AEZ15,MidIncome,pe,GlOBPES,-0.63251519203
AEZ16,MidIncome,pe,GlOBPES,-0.79290163517
AEZ17,MidIncome,pe,GlOBPES,-1.4172872305
AEZ18,MidIncome,pe,GlOBPES,-1.5766437054
UnSkLab,MidIncome,pe,GlOBPES,0.075963839889
SkLab,MidIncome,pe,GlOBPES,0.058857847005
Capital,MidIncome,pe,GlOBPES,0.077335745096
NatRes,MidIncome,pe,GlOBPES,0.076076053083
AEZ1,LowIncome,pe,GlOBPES,-3.6259784698
AEZ2,LowIncome,pe,GlOBPES,-3.6358344555
AEZ3,LowIncome,pe,GlOBPES,-3.5789215565
AEZ4,LowIncome,pe,GlOBPES,-3.6095917225
AEZ5,LowIncome,pe,GlOBPES,-3.4376058578
AEZ6,LowIncome,pe,GlOBPES,-3.3142826557
AEZ7,LowIncome,pe,GlOBPES,-1.6925312281
AEZ8,LowIncome,pe,GlOBPES,-1.2643479109
AEZ9,LowIncome,pe,GlOBPES,-2.1534633636
AEZ10,LowIncome,pe,GlOBPES,-1.3173080683
AEZ11,LowIncome,pe,GlOBPES,-1.686822176
AEZ12,LowIncome,pe,GlOBPES,-1.0167403221
AEZ13,LowIncome,pe,GlOBPES,-3.4136221409
AEZ14,LowIncome,pe,GlOBPES,-2.317129612
AEZ15,LowIncome,pe,GlOBPES,-2.0513262749
AEZ16,LowIncome,pe,GlOBPES,-2.9465978146
AEZ17,LowIncome,pe,GlOBPES,-3.6281843185
AEZ18,LowIncome,pe,GlOBPES,-3.6763365269
UnSkLab,LowIncome,pe,GlOBPES,-0.058280661702
SkLab,LowIncome,pe,GlOBPES,-0.055961199105
Capital,LowIncome,pe,GlOBPES,-0.042239181697
NatRes,LowIncome,pe,GlOBPES,0.18536008894
AEZ1,World,pe,GlOBPES,-1.0937861204
AEZ2,World,pe,GlOBPES,-0.19103588164
AEZ3,World,pe,GlOBPES,-0.14278204739
AEZ4,World,pe,GlOBPES,0.281878829
AEZ5,World,pe,GlOBPES,0.40964055061
AEZ6,World,pe,GlOBPES,3.3666300774
AEZ7,World,pe,GlOBPES,-1.8710007668
AEZ8,World,pe,GlOBPES,-1.1861943007
AEZ9,World,pe,GlOBPES,-1.5327240229
AEZ10,World,pe,GlOBPES,-1.3872020245
AEZ11,World,pe,GlOBPES,-1.5020041466
AEZ12,World,pe,GlOBPES,-1.8080961704
AEZ13,World,pe,GlOBPES,-1.32130301
AEZ14,World,pe,GlOBPES,-1.0155328512
AEZ15,World,pe,GlOBPES,-1.0916980505
AEZ16,World,pe,GlOBPES,-0.95212215185
AEZ17,World,pe,GlOBPES,-1.6415610313
AEZ18,World,pe,GlOBPES,-1.7435566187
UnSkLab,World,pe,GlOBPES,2.78514809906483E-0003
SkLab,World,pe,GlOBPES,-7.60965608060360E-0003
Capital,World,pe,GlOBPES,0.018645480275
NatRes,World,pe,GlOBPES,0.096546381712
AEZ1,HighIncome,qe,GlOBPES,-0.031232312322
AEZ2,HighIncome,qe,GlOBPES,-0.12205669284
AEZ3,HighIncome,qe,GlOBPES,-0.69532209635
AEZ4,HighIncome,qe,GlOBPES,-0.58901256323
AEZ5,HighIncome,qe,GlOBPES,-0.28954830766
AEZ6,HighIncome,qe,GlOBPES,-0.076555810869
AEZ7,HighIncome,qe,GlOBPES,1.45706336479634E-0003
AEZ8,HighIncome,qe,GlOBPES,-0.24412418902
AEZ9,HighIncome,qe,GlOBPES,-1.8572130203
AEZ10,HighIncome,qe,GlOBPES,-0.56499296427
AEZ11,HighIncome,qe,GlOBPES,-0.013466154225
AEZ12,HighIncome,qe,GlOBPES,-0.074018001556
AEZ1,MidIncome,qe,GlOBPES,-0.013323713094
AEZ2,MidIncome,qe,GlOBPES,-0.022314121947
AEZ3,MidIncome,qe,GlOBPES,-0.021331742406
AEZ4,MidIncome,qe,GlOBPES,-0.1118735075
AEZ5,MidIncome,qe,GlOBPES,-0.16329656541
AEZ6,MidIncome,qe,GlOBPES,-1.4716585875
AEZ7,MidIncome,qe,GlOBPES,-0.093084424734
AEZ8,MidIncome,qe,GlOBPES,-0.099570252001
AEZ9,MidIncome,qe,GlOBPES,-0.05892605707
AEZ10,MidIncome,qe,GlOBPES,-0.048186007887
AEZ11,MidIncome,qe,GlOBPES,-0.017370721325
AEZ12,MidIncome,qe,GlOBPES,-0.016982045025
AEZ13,MidIncome,qe,GlOBPES,-2.68535339273512E-0004
AEZ14,MidIncome,qe,GlOBPES,-0.027949918061
AEZ15,MidIncome,qe,GlOBPES,-0.15259966254
AEZ16,MidIncome,qe,GlOBPES,-1.29559333436191E-0003
AEZ17,MidIncome,qe,GlOBPES,-9.21926641694881E-0008
AEZ18,MidIncome,qe,GlOBPES,-8.85027191088739E-0007
AEZ1,LowIncome,qe,GlOBPES,-3.97619267459959E-0004
AEZ2,LowIncome,qe,GlOBPES,-3.93331982195377E-0004
AEZ3,LowIncome,qe,GlOBPES,-8.85759305674583E-0004
AEZ4,LowIncome,qe,GlOBPES,-7.20793395885266E-0005
AEZ5,LowIncome,qe,GlOBPES,-3.17464264298906E-0006
AEZ6,LowIncome,qe,GlOBPES,-8.09061602922156E-0005
AEZ7,LowIncome,qe,GlOBPES,-0.055616520345
AEZ8,LowIncome,qe,GlOBPES,-0.20089259744
AEZ9,LowIncome,qe,GlOBPES,-0.15908011794
AEZ10,LowIncome,qe,GlOBPES,-0.13094361126
AEZ11,LowIncome,qe,GlOBPES,-0.20794552565
AEZ12,LowIncome,qe,GlOBPES,-0.53558641672
AEZ13,LowIncome,qe,GlOBPES,-2.95203085988760E-0003
AEZ14,LowIncome,qe,GlOBPES,-9.99831873923540E-0003
AEZ15,LowIncome,qe,GlOBPES,-0.013166726567
AEZ16,LowIncome,qe,GlOBPES,-7.20887212082744E-0003
AEZ1,World,qe,GlOBPES,-0.015628119931
AEZ2,World,qe,GlOBPES,-0.03329769522
AEZ3,World,qe,GlOBPES,-0.10119266063
AEZ4,World,qe,GlOBPES,-0.21004013717
AEZ5,World,qe,GlOBPES,-0.18022744358
AEZ6,World,qe,GlOBPES,-1.329687953
AEZ7,World,qe,GlOBPES,-0.089088343084
AEZ8,World,qe,GlOBPES,-0.12255220115
AEZ9,World,qe,GlOBPES,-0.10761016607
AEZ10,World,qe,GlOBPES,-0.10352634639
AEZ11,World,qe,GlOBPES,-0.096496030688
AEZ12,World,qe,GlOBPES,-0.07855925709
AEZ13,World,qe,GlOBPES,-6.80517056025565E-0004
AEZ14,World,qe,GlOBPES,-0.02210791409
AEZ15,World,qe,GlOBPES,-0.097202152014
AEZ16,World,qe,GlOBPES,-1.90630950964987E-0003
AEZ17,World,qe,GlOBPES,-4.88549964927643E-0008
AEZ18,World,qe,GlOBPES,-4.40733714413000E-0007
AEZ1,HighIncome,pe,NATPES,0.080944858491
AEZ2,HighIncome,pe,NATPES,-0.23227661848
AEZ3,HighIncome,pe,NATPES,-0.25967895985
AEZ4,HighIncome,pe,NATPES,-0.4409031868
AEZ5,HighIncome,pe,NATPES,-0.93351906538
AEZ6,HighIncome,pe,NATPES,-1.0399048328
AEZ7,HighIncome,pe,NATPES,-0.41749569774
AEZ8,HighIncome,pe,NATPES,-0.47409045696
AEZ9,HighIncome,pe,NATPES,-0.60189008713
AEZ10,HighIncome,pe,NATPES,-0.54137885571
AEZ11,HighIncome,pe,NATPES,-0.58552545309
AEZ12,HighIncome,pe,NATPES,-0.58562266827
AEZ13,HighIncome,pe,NATPES,-0.14901997149
AEZ14,HighIncome,pe,NATPES,-0.14901611209
AEZ15,HighIncome,pe,NATPES,-0.15161675215
AEZ16,HighIncome,pe,NATPES,-0.16288201511
AEZ17,HighIncome,pe,NATPES,-0.15161678195
AEZ18,HighIncome,pe,NATPES,-0.15161678195
UnSkLab,HighIncome,pe,NATPES,-0.02641707845
SkLab,HighIncome,pe,NATPES,-0.070268087089
Capital,HighIncome,pe,NATPES,-8.82267951965332E-0003
NatRes,HighIncome,pe,NATPES,0.19785937667
AEZ1,MidIncome,pe,NATPES,-1.5274677277
AEZ2,MidIncome,pe,NATPES,-0.44430607557
AEZ3,MidIncome,pe,NATPES,-0.45114910603
AEZ4,MidIncome,pe,NATPES,-0.067231945693
AEZ5,MidIncome,pe,NATPES,-0.20179101825
AEZ6,MidIncome,pe,NATPES,-0.48303467035
AEZ7,MidIncome,pe,NATPES,-2.0442667007
AEZ8,MidIncome,pe,NATPES,-1.5012840033
AEZ9,MidIncome,pe,NATPES,-1.7727539539
AEZ10,MidIncome,pe,NATPES,-2.0192437172
AEZ11,MidIncome,pe,NATPES,-2.0339903831
AEZ12,MidIncome,pe,NATPES,-2.4210891724
AEZ13,MidIncome,pe,NATPES,-1.6546257734
AEZ14,MidIncome,pe,NATPES,-1.548617959
AEZ15,MidIncome,pe,NATPES,-1.4016703367
AEZ16,MidIncome,pe,NATPES,-1.4790004492
AEZ17,MidIncome,pe,NATPES,-1.7115029097
AEZ18,MidIncome,pe,NATPES,-1.7759793997
UnSkLab,MidIncome,pe,NATPES,0.064410939813
SkLab,MidIncome,pe,NATPES,0.053040474653
Capital,MidIncome,pe,NATPES,0.071646049619
NatRes,MidIncome,pe,NATPES,0.15366747975
AEZ1,LowIncome,pe,NATPES,-4.2525067329
AEZ2,LowIncome,pe,NATPES,-4.265255928
AEZ3,LowIncome,pe,NATPES,-4.2595953941
AEZ4,LowIncome,pe,NATPES,-4.2733721733
AEZ5,LowIncome,pe,NATPES,-4.0998950005
AEZ6,LowIncome,pe,NATPES,-4.0972819328
AEZ7,LowIncome,pe,NATPES,-2.4439628124
AEZ8,LowIncome,pe,NATPES,-2.1552755833
AEZ9,LowIncome,pe,NATPES,-2.8261058331
AEZ10,LowIncome,pe,NATPES,-1.8212718964
AEZ11,LowIncome,pe,NATPES,-2.1684134007
AEZ12,LowIncome,pe,NATPES,-1.897361517
AEZ13,LowIncome,pe,NATPES,-4.0864005089
AEZ14,LowIncome,pe,NATPES,-3.0997982025
AEZ15,LowIncome,pe,NATPES,-2.7426526546
AEZ16,LowIncome,pe,NATPES,-3.6228482723
AEZ17,LowIncome,pe,NATPES,-4.2523126602
AEZ18,LowIncome,pe,NATPES,-4.2880249023
UnSkLab,LowIncome,pe,NATPES,5.32496441155672E-0003
SkLab,LowIncome,pe,NATPES,2.38971528597176E-0003
Capital,LowIncome,pe,NATPES,8.57149064540863E-0003
NatRes,LowIncome,pe,NATPES,0.20570339262
AEZ1,World,pe,NATPES,-1.4709305763
AEZ2,World,pe,NATPES,-0.49777716398
AEZ3,World,pe,NATPES,-0.47446933389
AEZ4,World,pe,NATPES,-0.17031569779
AEZ5,World,pe,NATPES,-0.33078563213
AEZ6,World,pe,NATPES,-0.56727099419
AEZ7,World,pe,NATPES,-2.0210282803
AEZ8,World,pe,NATPES,-1.5908620358
AEZ9,World,pe,NATPES,-1.9311828613
AEZ10,World,pe,NATPES,-1.8801114559
AEZ11,World,pe,NATPES,-2.0203816891
AEZ12,World,pe,NATPES,-2.329723835
AEZ13,World,pe,NATPES,-1.916746974
AEZ14,World,pe,NATPES,-1.8398641348
AEZ15,World,pe,NATPES,-1.8508492708
AEZ16,World,pe,NATPES,-1.6664241552
AEZ17,World,pe,NATPES,-2.2172057629
AEZ18,World,pe,NATPES,-2.288244009
UnSkLab,World,pe,NATPES,0.030453095213
SkLab,World,pe,NATPES,0.021579137072
Capital,World,pe,NATPES,0.039136603475
NatRes,World,pe,NATPES,0.16473783553
AEZ1,HighIncome,qe,NATPES,-0.031655840576
AEZ2,HighIncome,qe,NATPES,-0.12021874636
AEZ3,HighIncome,qe,NATPES,-0.32284849882
AEZ4,HighIncome,qe,NATPES,-0.28545024991
AEZ5,HighIncome,qe,NATPES,-0.093081228435
AEZ6,HighIncome,qe,NATPES,-3.64923803135753E-0003
AEZ7,HighIncome,qe,NATPES,-8.19615670479834E-0004
AEZ8,HighIncome,qe,NATPES,-0.30918952823
AEZ9,HighIncome,qe,NATPES,-1.8755716085
AEZ10,HighIncome,qe,NATPES,-0.29670086503
AEZ11,HighIncome,qe,NATPES,-0.028196141124
AEZ12,HighIncome,qe,NATPES,-2.67052764684195E-0005
AEZ1,MidIncome,qe,NATPES,-0.020877543837
AEZ2,MidIncome,qe,NATPES,-0.083418652415
AEZ3,MidIncome,qe,NATPES,-0.079657323658
AEZ4,MidIncome,qe,NATPES,-0.061092827469
AEZ5,MidIncome,qe,NATPES,-0.079094879329
AEZ6,MidIncome,qe,NATPES,-0.37728539109
AEZ7,MidIncome,qe,NATPES,-6.46075606346130E-0003
AEZ8,MidIncome,qe,NATPES,-0.17037399113
AEZ9,MidIncome,qe,NATPES,-0.071620516479
AEZ10,MidIncome,qe,NATPES,-0.082620568573
AEZ11,MidIncome,qe,NATPES,-0.016128240153
AEZ12,MidIncome,qe,NATPES,-0.020927481353
AEZ13,MidIncome,qe,NATPES,-5.56029845029116E-0003
AEZ14,MidIncome,qe,NATPES,-0.048459794372
AEZ15,MidIncome,qe,NATPES,-0.06292385608
AEZ16,MidIncome,qe,NATPES,-1.88116182107478E-0003
AEZ17,MidIncome,qe,NATPES,-5.18614797329064E-0007
AEZ18,MidIncome,qe,NATPES,-1.05031017483270E-0006
AEZ1,LowIncome,qe,NATPES,-9.24799940548837E-0004
AEZ2,LowIncome,qe,NATPES,-7.63039162848145E-0004
AEZ3,LowIncome,qe,NATPES,-1.61788729019463E-0003
AEZ4,LowIncome,qe,NATPES,-1.27121908008121E-0004
AEZ5,LowIncome,qe,NATPES,-7.59978092901292E-0006
AEZ6,LowIncome,qe,NATPES,-1.72910338733345E-0004
AEZ7,LowIncome,qe,NATPES,-0.058519266546
AEZ8,LowIncome,qe,NATPES,-0.1821397692
AEZ9,LowIncome,qe,NATPES,-0.24167077243
AEZ10,LowIncome,qe,NATPES,-0.20164625347
AEZ11,LowIncome,qe,NATPES,-0.18580922484
AEZ12,LowIncome,qe,NATPES,-0.51292198896
AEZ13,LowIncome,qe,NATPES,-2.93899374082685E-0003
AEZ14,LowIncome,qe,NATPES,-0.012978279963
AEZ15,LowIncome,qe,NATPES,-0.29236239195
AEZ16,LowIncome,qe,NATPES,-0.02984184958
AEZ1,World,qe,NATPES,-0.021142728627
AEZ2,World,qe,NATPES,-0.085961215198
AEZ3,World,qe,NATPES,-0.10746585578
AEZ4,World,qe,NATPES,-0.107040748
AEZ5,World,qe,NATPES,-0.080581314862
AEZ6,World,qe,NATPES,-0.33893680573
AEZ7,World,qe,NATPES,-8.56109522283077E-0003
AEZ8,World,qe,NATPES,-0.17670823634
AEZ9,World,qe,NATPES,-0.13210624456
AEZ10,World,qe,NATPES,-0.14629262686
AEZ11,World,qe,NATPES,-0.087343588471
AEZ12,World,qe,NATPES,-0.077978610992
AEZ13,World,qe,NATPES,-4.61880769580603E-0003
AEZ14,World,qe,NATPES,-0.037303920835
AEZ15,World,qe,NATPES,-0.14416822791
AEZ16,World,qe,NATPES,-4.95555531233549E-0003
AEZ17,World,qe,NATPES,-2.75241291092243E-0007
AEZ18,World,qe,NATPES,-5.23957680798048E-0007
AEZ1,HighIncome,pe,SRLand,-4.5267019272
AEZ2,HighIncome,pe,SRLand,-3.2651305199
AEZ3,HighIncome,pe,SRLand,-2.7044792175
AEZ4,HighIncome,pe,SRLand,-1.6349126101
AEZ5,HighIncome,pe,SRLand,-2.5980343819
AEZ6,HighIncome,pe,SRLand,-3.181866169
AEZ7,HighIncome,pe,SRLand,-5.9353132248
AEZ8,HighIncome,pe,SRLand,-5.6610631943
AEZ9,HighIncome,pe,SRLand,-3.9217731953
AEZ10,HighIncome,pe,SRLand,-3.3900232315
AEZ11,HighIncome,pe,SRLand,-2.7457308769
AEZ12,HighIncome,pe,SRLand,-4.2643404007
AEZ13,HighIncome,pe,SRLand,-9.298283577
AEZ14,HighIncome,pe,SRLand,-9.3020172119
AEZ15,HighIncome,pe,SRLand,-9.9571266174
AEZ16,HighIncome,pe,SRLand,-9.7640304565
AEZ17,HighIncome,pe,SRLand,-9.9571266174
AEZ18,HighIncome,pe,SRLand,-9.9571266174
UnSkLab,HighIncome,pe,SRLand,0.023124212399
SkLab,HighIncome,pe,SRLand,-0.050783585757
Capital,HighIncome,pe,SRLand,0.039817009121
NatRes,HighIncome,pe,SRLand,0.28923687339
AEZ1,MidIncome,pe,SRLand,-5.6328887939
AEZ2,MidIncome,pe,SRLand,-1.1377007961
AEZ3,MidIncome,pe,SRLand,-1.3587758541
AEZ4,MidIncome,pe,SRLand,-0.57108473778
AEZ5,MidIncome,pe,SRLand,-0.79685813189
AEZ6,MidIncome,pe,SRLand,-2.4179491997
AEZ7,MidIncome,pe,SRLand,-2.9137942791
AEZ8,MidIncome,pe,SRLand,-3.9039819241
AEZ9,MidIncome,pe,SRLand,-3.6004612446
AEZ10,MidIncome,pe,SRLand,-4.7327876091
AEZ11,MidIncome,pe,SRLand,-3.8975994587
AEZ12,MidIncome,pe,SRLand,-3.8453168869
AEZ13,MidIncome,pe,SRLand,-7.8053836823
AEZ14,MidIncome,pe,SRLand,-7.2820773125
AEZ15,MidIncome,pe,SRLand,-7.965549469
AEZ16,MidIncome,pe,SRLand,-5.0975942612
AEZ17,MidIncome,pe,SRLand,-16.200658798
AEZ18,MidIncome,pe,SRLand,-18.218008041
UnSkLab,MidIncome,pe,SRLand,0.11355194449
SkLab,MidIncome,pe,SRLand,0.086680211127
Capital,MidIncome,pe,SRLand,0.11774262041
NatRes,MidIncome,pe,SRLand,0.22747930884
AEZ1,LowIncome,pe,SRLand,-13.678019524
AEZ2,LowIncome,pe,SRLand,-13.687721252
AEZ3,LowIncome,pe,SRLand,-13.247321129
AEZ4,LowIncome,pe,SRLand,-13.426749229
AEZ5,LowIncome,pe,SRLand,-13.054965973
AEZ6,LowIncome,pe,SRLand,-11.958423615
AEZ7,LowIncome,pe,SRLand,-9.6386241913
AEZ8,LowIncome,pe,SRLand,-5.6212625504
AEZ9,LowIncome,pe,SRLand,-7.1230254173
AEZ10,LowIncome,pe,SRLand,-5.6493425369
AEZ11,LowIncome,pe,SRLand,-5.8161916733
AEZ12,LowIncome,pe,SRLand,-6.4176712036
AEZ13,LowIncome,pe,SRLand,-13.275458336
AEZ14,LowIncome,pe,SRLand,-8.9891614914
AEZ15,LowIncome,pe,SRLand,-7.4781718254
AEZ16,LowIncome,pe,SRLand,-11.152959824
AEZ17,LowIncome,pe,SRLand,-13.73920536
AEZ18,LowIncome,pe,SRLand,-13.886677742
UnSkLab,LowIncome,pe,SRLand,0.10491315275
SkLab,LowIncome,pe,SRLand,0.098981656134
Capital,LowIncome,pe,SRLand,0.10019645095
NatRes,LowIncome,pe,SRLand,0.24864183366
AEZ1,World,pe,SRLand,-6.165040493
AEZ2,World,pe,SRLand,-1.6341352463
AEZ3,World,pe,SRLand,-1.6607687473
AEZ4,World,pe,SRLand,-0.87011528015
AEZ5,World,pe,SRLand,-1.1314134598
AEZ6,World,pe,SRLand,-2.5735683441
AEZ7,World,pe,SRLand,-3.2792441845
AEZ8,World,pe,SRLand,-4.272002697
AEZ9,World,pe,SRLand,-4.2040534019
AEZ10,World,pe,SRLand,-5.133617878
AEZ11,World,pe,SRLand,-4.6415042877
AEZ12,World,pe,SRLand,-4.1517467499
AEZ13,World,pe,SRLand,-8.8413639069
AEZ14,World,pe,SRLand,-7.801943779
AEZ15,World,pe,SRLand,-7.8505606651
AEZ16,World,pe,SRLand,-5.990439415
AEZ17,World,pe,SRLand,-14.406626701
AEZ18,World,pe,SRLand,-15.330271721
UnSkLab,World,pe,SRLand,0.10715460777
SkLab,World,pe,SRLand,0.090872056782
Capital,World,pe,SRLand,0.10736151785
NatRes,World,pe,SRLand,0.23341408372
AEZ1,HighIncome,qe,SRLand,-0.010751887225
AEZ2,HighIncome,qe,SRLand,-0.012613191269
AEZ3,HighIncome,qe,SRLand,-0.057537700981
AEZ4,HighIncome,qe,SRLand,-0.051011875272
AEZ5,HighIncome,qe,SRLand,-0.033025331795
AEZ6,HighIncome,qe,SRLand,-0.017413362861
AEZ7,HighIncome,qe,SRLand,-0.011198757216
AEZ8,HighIncome,qe,SRLand,-6.64214510470629E-0003
AEZ9,HighIncome,qe,SRLand,-3.49100842140615E-0003
AEZ10,HighIncome,qe,SRLand,-3.45061882399023E-0003
AEZ11,HighIncome,qe,SRLand,-1.62256986368448E-0003
AEZ12,HighIncome,qe,SRLand,-1.93545667571016E-0004
AEZ1,MidIncome,qe,SRLand,-1.65336125064641E-0003
AEZ2,MidIncome,qe,SRLand,-4.68183727934957E-0003
AEZ3,MidIncome,qe,SRLand,-0.012195178308
AEZ4,MidIncome,qe,SRLand,-6.57797884196043E-0003
AEZ5,MidIncome,qe,SRLand,-0.01744905673
AEZ6,MidIncome,qe,SRLand,-0.17978294194
AEZ7,MidIncome,qe,SRLand,1.30004773382097E-0003
AEZ8,MidIncome,qe,SRLand,-0.014333692379
AEZ9,MidIncome,qe,SRLand,-0.013602620922
AEZ10,MidIncome,qe,SRLand,-4.73650498315692E-0003
AEZ11,MidIncome,qe,SRLand,-1.32396770641208E-0003
AEZ12,MidIncome,qe,SRLand,-4.70204418525100E-0003
AEZ13,MidIncome,qe,SRLand,-1.26866012578830E-0004
AEZ14,MidIncome,qe,SRLand,-4.93225827813148E-0003
AEZ15,MidIncome,qe,SRLand,-0.021804781631
AEZ16,MidIncome,qe,SRLand,-8.09347038739361E-0005
AEZ17,MidIncome,qe,SRLand,-7.88699253462255E-0007
AEZ18,MidIncome,qe,SRLand,-2.13144130611909E-0006
AEZ1,LowIncome,qe,SRLand,-1.06689450331032E-0003
AEZ2,LowIncome,qe,SRLand,-9.95602807961404E-0004
AEZ3,LowIncome,qe,SRLand,-1.85160117689520E-0003
AEZ4,LowIncome,qe,SRLand,-1.58338851178996E-0004
AEZ5,LowIncome,qe,SRLand,-1.22814581118291E-0005
AEZ6,LowIncome,qe,SRLand,-1.45389116369188E-0004
AEZ7,LowIncome,qe,SRLand,-0.023912895471
AEZ8,LowIncome,qe,SRLand,-0.048200923949
AEZ9,LowIncome,qe,SRLand,-0.020348964259
AEZ10,LowIncome,qe,SRLand,-0.029167745262
AEZ11,LowIncome,qe,SRLand,-0.017641227692
AEZ12,LowIncome,qe,SRLand,-8.39211978018284E-0003
AEZ13,LowIncome,qe,SRLand,-5.13999339091242E-0006
AEZ14,LowIncome,qe,SRLand,-9.53193102031946E-0003
AEZ15,LowIncome,qe,SRLand,-0.0129725812
AEZ16,LowIncome,qe,SRLand,-2.62741785263643E-0004
AEZ1,World,qe,SRLand,-3.36331571452320E-0003
AEZ2,World,qe,SRLand,-5.50555018708110E-0003
AEZ3,World,qe,SRLand,-0.017400484532
AEZ4,World,qe,SRLand,-0.015691254288
AEZ5,World,qe,SRLand,-0.019541816786
AEZ6,World,qe,SRLand,-0.16304197907
AEZ7,World,qe,SRLand,-5.99901613895781E-0005
AEZ8,World,qe,SRLand,-0.020289232954
AEZ9,World,qe,SRLand,-0.014552840032
AEZ10,World,qe,SRLand,-0.016412753612
AEZ11,World,qe,SRLand,-8.09305906295776E-0003
AEZ12,World,qe,SRLand,-5.05151646211743E-0003
AEZ13,World,qe,SRLand,-9.56854419200681E-0005
AEZ14,World,qe,SRLand,-5.74573874473572E-0003
AEZ15,World,qe,SRLand,-0.01790645346
AEZ16,World,qe,SRLand,-9.75986185949296E-0005
AEZ17,World,qe,SRLand,-4.13421645362178E-0007
AEZ18,World,qe,SRLand,-1.04333014405711E-0006
AEZ1,HighIncome,pe,SRnD20,-7.7891168594
AEZ2,HighIncome,pe,SRnD20,-7.342792511
AEZ3,HighIncome,pe,SRnD20,-6.448943615
AEZ4,HighIncome,pe,SRnD20,-4.7288756371
AEZ5,HighIncome,pe,SRnD20,-7.1122279167
AEZ6,HighIncome,pe,SRnD20,-7.6762866974
AEZ7,HighIncome,pe,SRnD20,-8.6962690353
AEZ8,HighIncome,pe,SRnD20,-8.7569437027
AEZ9,HighIncome,pe,SRnD20,-7.8904504776
AEZ10,HighIncome,pe,SRnD20,-7.3378157616
AEZ11,HighIncome,pe,SRnD20,-6.1523184776
AEZ12,HighIncome,pe,SRnD20,-7.9724445343
AEZ13,HighIncome,pe,SRnD20,-12.360980034
AEZ14,HighIncome,pe,SRnD20,-12.364673615
AEZ15,HighIncome,pe,SRnD20,-13.223631859
AEZ16,HighIncome,pe,SRnD20,-12.972712517
AEZ17,HighIncome,pe,SRnD20,-13.223630905
AEZ18,HighIncome,pe,SRnD20,-13.223630905
UnSkLab,HighIncome,pe,SRnD20,0.38515526056
SkLab,HighIncome,pe,SRnD20,0.14913102984
Capital,HighIncome,pe,SRnD20,0.3945132494
NatRes,HighIncome,pe,SRnD20,0.89999347925
AEZ1,MidIncome,pe,SRnD20,-8.605670929
AEZ2,MidIncome,pe,SRnD20,-3.7383079529
AEZ3,MidIncome,pe,SRnD20,-3.2453589439
AEZ4,MidIncome,pe,SRnD20,-2.1986279488
AEZ5,MidIncome,pe,SRnD20,-3.6726021767
AEZ6,MidIncome,pe,SRnD20,-4.7270097733
AEZ7,MidIncome,pe,SRnD20,-5.860435009
AEZ8,MidIncome,pe,SRnD20,-7.3370332718
AEZ9,MidIncome,pe,SRnD20,-7.6793174744
AEZ10,MidIncome,pe,SRnD20,-9.0751914978
AEZ11,MidIncome,pe,SRnD20,-8.5431413651
AEZ12,MidIncome,pe,SRnD20,-9.4580173492
AEZ13,MidIncome,pe,SRnD20,-11.760422707
AEZ14,MidIncome,pe,SRnD20,-11.009878159
AEZ15,MidIncome,pe,SRnD20,-11.270237923
AEZ16,MidIncome,pe,SRnD20,-7.8015627861
AEZ17,MidIncome,pe,SRnD20,-20.05370903
AEZ18,MidIncome,pe,SRnD20,-22.321022034
UnSkLab,MidIncome,pe,SRnD20,0.28430712223
SkLab,MidIncome,pe,SRnD20,0.21659597754
Capital,MidIncome,pe,SRnD20,0.31586939096
NatRes,MidIncome,pe,SRnD20,0.67643100023
AEZ1,LowIncome,pe,SRnD20,-20.398059845
AEZ2,LowIncome,pe,SRnD20,-20.436309814
AEZ3,LowIncome,pe,SRnD20,-20.194223404
AEZ4,LowIncome,pe,SRnD20,-20.195743561
AEZ5,LowIncome,pe,SRnD20,-19.566526413
AEZ6,LowIncome,pe,SRnD20,-18.837968826
AEZ7,LowIncome,pe,SRnD20,-16.257751465
AEZ8,LowIncome,pe,SRnD20,-13.122794151
AEZ9,LowIncome,pe,SRnD20,-14.187398911
AEZ10,LowIncome,pe,SRnD20,-11.212273598
AEZ11,LowIncome,pe,SRnD20,-10.357242584
AEZ12,LowIncome,pe,SRnD20,-10.822441101
AEZ13,LowIncome,pe,SRnD20,-19.880142212
AEZ14,LowIncome,pe,SRnD20,-14.034223557
AEZ15,LowIncome,pe,SRnD20,-12.338225365
AEZ16,LowIncome,pe,SRnD20,-16.929367065
AEZ17,LowIncome,pe,SRnD20,-20.26499176
AEZ18,LowIncome,pe,SRnD20,-20.579166412
UnSkLab,LowIncome,pe,SRnD20,0.11866424233
SkLab,LowIncome,pe,SRnD20,0.10633186996
Capital,LowIncome,pe,SRnD20,0.12144738436
NatRes,LowIncome,pe,SRnD20,0.82297629118
AEZ1,World,pe,SRnD20,-9.5408792496
AEZ2,World,pe,SRnD20,-4.4867563248
AEZ3,World,pe,SRnD20,-3.827432394
AEZ4,World,pe,SRnD20,-2.8322398663
AEZ5,World,pe,SRnD20,-4.2634310722
AEZ6,World,pe,SRnD20,-5.1288809776
AEZ7,World,pe,SRnD20,-6.3795776367
AEZ8,World,pe,SRnD20,-8.4433641434
AEZ9,World,pe,SRnD20,-8.7877607346
AEZ10,World,pe,SRnD20,-10.051091194
AEZ11,World,pe,SRnD20,-9.1839857101
AEZ12,World,pe,SRnD20,-9.5921564102
AEZ13,World,pe,SRnD20,-13.151846886
AEZ14,World,pe,SRnD20,-11.807402611
AEZ15,World,pe,SRnD20,-11.720643997
AEZ16,World,pe,SRnD20,-9.0666913986
AEZ17,World,pe,SRnD20,-18.969108582
AEZ18,World,pe,SRnD20,-20.113283157
UnSkLab,World,pe,SRnD20,0.19571261108
SkLab,World,pe,SRnD20,0.1522488296
Capital,World,pe,SRnD20,0.22353434563
NatRes,World,pe,SRnD20,0.71085047722
AEZ1,HighIncome,qe,SRnD20,-0.020401386544
AEZ2,HighIncome,qe,SRnD20,-0.047687992454
AEZ3,HighIncome,qe,SRnD20,-0.12719400227
AEZ4,HighIncome,qe,SRnD20,-0.16356819868
AEZ5,HighIncome,qe,SRnD20,-0.077720917761
AEZ6,HighIncome,qe,SRnD20,-0.027065454051
AEZ7,HighIncome,qe,SRnD20,-0.016898745671
AEZ8,HighIncome,qe,SRnD20,-9.55303944647312E-0003
AEZ9,HighIncome,qe,SRnD20,-6.77403016015887E-0003
AEZ10,HighIncome,qe,SRnD20,-8.09678249061108E-0003
AEZ11,HighIncome,qe,SRnD20,-3.81896528415382E-0003
AEZ12,HighIncome,qe,SRnD20,-3.53442272171378E-0004
AEZ1,MidIncome,qe,SRnD20,-2.97184591181576E-0003
AEZ2,MidIncome,qe,SRnD20,-0.024136058986
AEZ3,MidIncome,qe,SRnD20,-0.030348692089
AEZ4,MidIncome,qe,SRnD20,-0.03633357957
AEZ5,MidIncome,qe,SRnD20,-0.07205157727
AEZ6,MidIncome,qe,SRnD20,-0.3160020113
AEZ7,MidIncome,qe,SRnD20,7.49630446080118E-0004
AEZ8,MidIncome,qe,SRnD20,-0.03553018719
AEZ9,MidIncome,qe,SRnD20,-0.031286500394
AEZ10,MidIncome,qe,SRnD20,-0.012165491469
AEZ11,MidIncome,qe,SRnD20,-3.26596410013735E-0003
AEZ12,MidIncome,qe,SRnD20,-0.013047384098
AEZ13,MidIncome,qe,SRnD20,-4.03747981181368E-0004
AEZ14,MidIncome,qe,SRnD20,-8.45090113580227E-0003
AEZ15,MidIncome,qe,SRnD20,-0.043739259243
AEZ16,MidIncome,qe,SRnD20,-8.81904416019097E-0005
AEZ17,MidIncome,qe,SRnD20,-1.94066637959622E-0006
AEZ18,MidIncome,qe,SRnD20,-5.08385392095079E-0006
AEZ1,LowIncome,qe,SRnD20,-4.83665708452463E-0003
AEZ2,LowIncome,qe,SRnD20,-3.77831235527992E-0003
AEZ3,LowIncome,qe,SRnD20,-6.97186635807157E-0003
AEZ4,LowIncome,qe,SRnD20,-4.75663488032296E-0004
AEZ5,LowIncome,qe,SRnD20,-1.90309929166688E-0005
AEZ6,LowIncome,qe,SRnD20,-6.19453785475343E-0004
AEZ7,LowIncome,qe,SRnD20,-0.081357359886
AEZ8,LowIncome,qe,SRnD20,-0.13004229963
AEZ9,LowIncome,qe,SRnD20,-0.044498577714
AEZ10,LowIncome,qe,SRnD20,-0.064018137753
AEZ11,LowIncome,qe,SRnD20,-0.032199464738
AEZ12,LowIncome,qe,SRnD20,-0.014500384219
AEZ13,LowIncome,qe,SRnD20,-7.66898756410228E-0006
AEZ14,LowIncome,qe,SRnD20,-0.016785018146
AEZ15,LowIncome,qe,SRnD20,-0.025668403134
AEZ16,LowIncome,qe,SRnD20,-4.01900062570348E-0004
AEZ1,World,qe,SRnD20,-6.51225773617625E-0003
AEZ2,World,qe,SRnD20,-0.026395261288
AEZ3,World,qe,SRnD20,-0.041364397854
AEZ4,World,qe,SRnD20,-0.062180310488
AEZ5,World,qe,SRnD20,-0.072419852018
AEZ6,World,qe,SRnD20,-0.28659400344
AEZ7,World,qe,SRnD20,-3.04033211432397E-0003
AEZ8,World,qe,SRnD20,-0.051688786596
AEZ9,World,qe,SRnD20,-0.03302950412
AEZ10,World,qe,SRnD20,-0.036814574152
AEZ11,World,qe,SRnD20,-0.015267313458
AEZ12,World,qe,SRnD20,-0.013002470136
AEZ13,World,qe,SRnD20,-3.03817942040041E-0004
AEZ14,World,qe,SRnD20,-9.93744470179081E-0003
AEZ15,World,qe,SRnD20,-0.035819109529
AEZ16,World,qe,SRnD20,-1.18543881399091E-0004
AEZ17,World,qe,SRnD20,-1.02134663393372E-0006
AEZ18,World,qe,SRnD20,-2.49664162765839E-0006
AEZ1,HighIncome,pe,GPESSRRnD20,-5.294470787
AEZ2,HighIncome,pe,GPESSRRnD20,-4.9970126152
AEZ3,HighIncome,pe,GPESSRRnD20,-4.0280880928
AEZ4,HighIncome,pe,GPESSRRnD20,-2.9748942852
AEZ5,HighIncome,pe,GPESSRRnD20,-5.4645261765
AEZ6,HighIncome,pe,GPESSRRnD20,-5.9930596352
AEZ7,HighIncome,pe,GPESSRRnD20,-7.4358024597
AEZ8,HighIncome,pe,GPESSRRnD20,-7.4909648895
AEZ9,HighIncome,pe,GPESSRRnD20,-6.3481254578
AEZ10,HighIncome,pe,GPESSRRnD20,-5.7197804451
AEZ11,HighIncome,pe,GPESSRRnD20,-4.4827537537
AEZ12,HighIncome,pe,GPESSRRnD20,-6.1180458069
AEZ13,HighIncome,pe,GPESSRRnD20,-10.218928337
AEZ14,HighIncome,pe,GPESSRRnD20,-10.22232914
AEZ15,HighIncome,pe,GPESSRRnD20,-11.0072155
AEZ16,HighIncome,pe,GPESSRRnD20,-10.77951622
AEZ17,HighIncome,pe,GPESSRRnD20,-11.007214546
AEZ18,HighIncome,pe,GPESSRRnD20,-11.007214546
UnSkLab,HighIncome,pe,GPESSRRnD20,0.45933905244
SkLab,HighIncome,pe,GPESSRRnD20,0.2042593658
Capital,HighIncome,pe,GPESSRRnD20,0.41972216964
NatRes,HighIncome,pe,GPESSRRnD20,0.7630546093
AEZ1,MidIncome,pe,GPESSRRnD20,-8.0894517899
AEZ2,MidIncome,pe,GPESSRRnD20,-3.4415392876
AEZ3,MidIncome,pe,GPESSRRnD20,-2.7156860828
AEZ4,MidIncome,pe,GPESSRRnD20,-1.713514328
AEZ5,MidIncome,pe,GPESSRRnD20,-2.8384284973
AEZ6,MidIncome,pe,GPESSRRnD20,0.13434509933
AEZ7,MidIncome,pe,GPESSRRnD20,-5.3476481438
AEZ8,MidIncome,pe,GPESSRRnD20,-6.455561161
AEZ9,MidIncome,pe,GPESSRRnD20,-6.8465456963
AEZ10,MidIncome,pe,GPESSRRnD20,-8.163939476
AEZ11,MidIncome,pe,GPESSRRnD20,-7.6705904007
AEZ12,MidIncome,pe,GPESSRRnD20,-8.5817079544
AEZ13,MidIncome,pe,GPESSRRnD20,-10.947457314
AEZ14,MidIncome,pe,GPESSRRnD20,-9.7214164734
AEZ15,MidIncome,pe,GPESSRRnD20,-10.0616436
AEZ16,MidIncome,pe,GPESSRRnD20,-6.829284668
AEZ17,MidIncome,pe,GPESSRRnD20,-19.400814056
AEZ18,MidIncome,pe,GPESSRRnD20,-21.743406296
UnSkLab,MidIncome,pe,GPESSRRnD20,0.27931767702
SkLab,MidIncome,pe,GPESSRRnD20,0.20449587703
Capital,MidIncome,pe,GPESSRRnD20,0.30023008585
NatRes,MidIncome,pe,GPESSRRnD20,0.56995403767
AEZ1,LowIncome,pe,GPESSRRnD20,-18.805541992
AEZ2,LowIncome,pe,GPESSRRnD20,-18.836767197
AEZ3,LowIncome,pe,GPESSRRnD20,-18.522888184
AEZ4,LowIncome,pe,GPESSRRnD20,-18.545742035
AEZ5,LowIncome,pe,GPESSRRnD20,-17.886943817
AEZ6,LowIncome,pe,GPESSRRnD20,-17.047124863
AEZ7,LowIncome,pe,GPESSRRnD20,-14.060335159
AEZ8,LowIncome,pe,GPESSRRnD20,-10.506196976
AEZ9,LowIncome,pe,GPESSRRnD20,-12.148628235
AEZ10,LowIncome,pe,GPESSRRnD20,-9.6809005737
AEZ11,LowIncome,pe,GPESSRRnD20,-9.027261734
AEZ12,LowIncome,pe,GPESSRRnD20,-8.8213691711
AEZ13,LowIncome,pe,GPESSRRnD20,-18.19944191
AEZ14,LowIncome,pe,GPESSRRnD20,-12.315530777
AEZ15,LowIncome,pe,GPESSRRnD20,-10.742843628
AEZ16,LowIncome,pe,GPESSRRnD20,-15.322019577
AEZ17,LowIncome,pe,GPESSRRnD20,-18.681037903
AEZ18,LowIncome,pe,GPESSRRnD20,-19.001888275
UnSkLab,LowIncome,pe,GPESSRRnD20,0.041787974536
SkLab,LowIncome,pe,GPESSRRnD20,0.034270290285
Capital,LowIncome,pe,GPESSRRnD20,0.058679345995
NatRes,LowIncome,pe,GPESSRRnD20,0.76547086239
AEZ1,World,pe,GPESSRRnD20,-8.5451965332
AEZ2,World,pe,GPESSRRnD20,-3.9306957722
AEZ3,World,pe,GPESSRRnD20,-3.0605552197
AEZ4,World,pe,GPESSRRnD20,-2.0774414539
AEZ5,World,pe,GPESSRRnD20,-3.3080561161
AEZ6,World,pe,GPESSRRnD20,-0.59848153591
AEZ7,World,pe,GPESSRRnD20,-5.7756361961
AEZ8,World,pe,GPESSRRnD20,-7.2310938835
AEZ9,World,pe,GPESSRRnD20,-7.7377462387
AEZ10,World,pe,GPESSRRnD20,-8.8207178116
AEZ11,World,pe,GPESSRRnD20,-8.0822601318
AEZ12,World,pe,GPESSRRnD20,-8.5686016083
AEZ13,World,pe,GPESSRRnD20,-12.074836731
AEZ14,World,pe,GPESSRRnD20,-10.368124962
AEZ15,World,pe,GPESSRRnD20,-10.339617729
AEZ16,World,pe,GPESSRRnD20,-7.9690322876
AEZ17,World,pe,GPESSRRnD20,-17.771270752
AEZ18,World,pe,GPESSRRnD20,-18.914178848
UnSkLab,World,pe,GPESSRRnD20,0.15293310583
SkLab,World,pe,GPESSRRnD20,0.10730157048
Capital,World,pe,GPESSRRnD20,0.18603603542
NatRes,World,pe,GPESSRRnD20,0.61243444681
AEZ1,HighIncome,qe,GPESSRRnD20,-0.049108140171
AEZ2,HighIncome,qe,GPESSRRnD20,-0.16200433671
AEZ3,HighIncome,qe,GPESSRRnD20,-0.80073362589
AEZ4,HighIncome,qe,GPESSRRnD20,-0.7081541419
AEZ5,HighIncome,qe,GPESSRRnD20,-0.34814801812
AEZ6,HighIncome,qe,GPESSRRnD20,-0.098929665983
AEZ7,HighIncome,qe,GPESSRRnD20,-0.013419369236
AEZ8,HighIncome,qe,GPESSRRnD20,-0.2553589344
AEZ9,HighIncome,qe,GPESSRRnD20,-1.8751144409
AEZ10,HighIncome,qe,GPESSRRnD20,-0.57398498058
AEZ11,HighIncome,qe,GPESSRRnD20,-0.016241017729
AEZ12,HighIncome,qe,GPESSRRnD20,-0.074727505445
AEZ1,MidIncome,qe,GPESSRRnD20,-0.01543511264
AEZ2,MidIncome,qe,GPESSRRnD20,-0.042482960969
AEZ3,MidIncome,qe,GPESSRRnD20,-0.042847130448
AEZ4,MidIncome,qe,GPESSRRnD20,-0.14366044104
AEZ5,MidIncome,qe,GPESSRRnD20,-0.22091440856
AEZ6,MidIncome,qe,GPESSRRnD20,-1.7005380392
AEZ7,MidIncome,qe,GPESSRRnD20,-0.096242673695
AEZ8,MidIncome,qe,GPESSRRnD20,-0.1248819232
AEZ9,MidIncome,qe,GPESSRRnD20,-0.080595135689
AEZ10,MidIncome,qe,GPESSRRnD20,-0.056486129761
AEZ11,MidIncome,qe,GPESSRRnD20,-0.019067447633
AEZ12,MidIncome,qe,GPESSRRnD20,-0.025248492137
AEZ13,MidIncome,qe,GPESSRRnD20,-5.91534480918199E-0004
AEZ14,MidIncome,qe,GPESSRRnD20,-0.035361841321
AEZ15,MidIncome,qe,GPESSRRnD20,-0.18993490934
AEZ16,MidIncome,qe,GPESSRRnD20,-1.03552825748920E-0003
AEZ17,MidIncome,qe,GPESSRRnD20,-1.34854815314611E-0006
AEZ18,MidIncome,qe,GPESSRRnD20,-4.70527902507456E-0006
AEZ1,LowIncome,qe,GPESSRRnD20,-3.76873859204352E-0003
AEZ2,LowIncome,qe,GPESSRRnD20,-3.00251226872206E-0003
AEZ3,LowIncome,qe,GPESSRRnD20,-5.48283196985722E-0003
AEZ4,LowIncome,qe,GPESSRRnD20,-3.63354280125350E-0004
AEZ5,LowIncome,qe,GPESSRRnD20,-1.11223362182500E-0005
AEZ6,LowIncome,qe,GPESSRRnD20,-4.43084252765402E-0004
AEZ7,LowIncome,qe,GPESSRRnD20,-0.11342795193
AEZ8,LowIncome,qe,GPESSRRnD20,-0.28814664483
AEZ9,LowIncome,qe,GPESSRRnD20,-0.18793199956
AEZ10,LowIncome,qe,GPESSRRnD20,-0.17936591804
AEZ11,LowIncome,qe,GPESSRRnD20,-0.22922180593
AEZ12,LowIncome,qe,GPESSRRnD20,-0.54348510504
AEZ13,LowIncome,qe,GPESSRRnD20,-3.09738330543041E-0003
AEZ14,LowIncome,qe,GPESSRRnD20,-0.021277885884
AEZ15,LowIncome,qe,GPESSRRnD20,-0.02917701751
AEZ16,LowIncome,qe,GPESSRRnD20,-7.48625770211220E-0003
AEZ1,World,qe,GPESSRRnD20,-0.020993476734
AEZ2,World,qe,GPESSRRnD20,-0.05525066331
AEZ3,World,qe,GPESSRRnD20,-0.13142666221
AEZ4,World,qe,GPESSRRnD20,-0.25900509953
AEZ5,World,qe,GPESSRRnD20,-0.23749195039
AEZ6,World,qe,GPESSRRnD20,-1.5402425528
AEZ7,World,qe,GPESSRRnD20,-0.094914086163
AEZ8,World,qe,GPESSRRnD20,-0.15826229751
AEZ9,World,qe,GPESSRRnD20,-0.1299701184
AEZ10,World,qe,GPESSRRnD20,-0.13095007837
AEZ11,World,qe,GPESSRRnD20,-0.106016092
AEZ12,World,qe,GPESSRRnD20,-0.086306832731
AEZ13,World,qe,GPESSRRnD20,-9.34714800678194E-0004
AEZ14,World,qe,GPESSRRnD20,-0.03004921414
AEZ15,World,qe,GPESSRRnD20,-0.12558208406
AEZ16,World,qe,GPESSRRnD20,-1.69692793861032E-0003
AEZ17,World,qe,GPESSRRnD20,-7.07893548224092E-0007
AEZ18,World,qe,GPESSRRnD20,-2.30252703659062E-0006
AEZ1,HighIncome,pe,BAU_aESRigid,-0.28460121155
AEZ2,HighIncome,pe,BAU_aESRigid,1.5524406433
AEZ3,HighIncome,pe,BAU_aESRigid,0.20938482881
AEZ4,HighIncome,pe,BAU_aESRigid,-1.2060941458
AEZ5,HighIncome,pe,BAU_aESRigid,6.1752080917
AEZ6,HighIncome,pe,BAU_aESRigid,8.1503667831
AEZ7,HighIncome,pe,BAU_aESRigid,-2.0579242706
AEZ8,HighIncome,pe,BAU_aESRigid,-1.1107056141
AEZ9,HighIncome,pe,BAU_aESRigid,0.76710414886
AEZ10,HighIncome,pe,BAU_aESRigid,0.63710850477
AEZ11,HighIncome,pe,BAU_aESRigid,1.245519042
AEZ12,HighIncome,pe,BAU_aESRigid,3.046330452
AEZ13,HighIncome,pe,BAU_aESRigid,-0.7288595438
AEZ14,HighIncome,pe,BAU_aESRigid,-0.72839796543
AEZ15,HighIncome,pe,BAU_aESRigid,-0.74359482527
AEZ16,HighIncome,pe,BAU_aESRigid,-0.72123855352
AEZ17,HighIncome,pe,BAU_aESRigid,-0.74359476566
AEZ18,HighIncome,pe,BAU_aESRigid,-0.74359476566
UnSkLab,HighIncome,pe,BAU_aESRigid,-0.89007014036
SkLab,HighIncome,pe,BAU_aESRigid,-1.0763454437
Capital,HighIncome,pe,BAU_aESRigid,-1.3177837133
NatRes,HighIncome,pe,BAU_aESRigid,8.3712654114
AEZ1,MidIncome,pe,BAU_aESRigid,-0.87250292301
AEZ2,MidIncome,pe,BAU_aESRigid,0.79449898005
AEZ3,MidIncome,pe,BAU_aESRigid,-1.7722187042
AEZ4,MidIncome,pe,BAU_aESRigid,-1.189709425
AEZ5,MidIncome,pe,BAU_aESRigid,0.67233365774
AEZ6,MidIncome,pe,BAU_aESRigid,4.4135456085
AEZ7,MidIncome,pe,BAU_aESRigid,-1.9730021954
AEZ8,MidIncome,pe,BAU_aESRigid,-1.3576103449
AEZ9,MidIncome,pe,BAU_aESRigid,-2.9087810516
AEZ10,MidIncome,pe,BAU_aESRigid,-3.2063291073
AEZ11,MidIncome,pe,BAU_aESRigid,-3.5075633526
AEZ12,MidIncome,pe,BAU_aESRigid,-4.9791827202
AEZ13,MidIncome,pe,BAU_aESRigid,-1.451384902
AEZ14,MidIncome,pe,BAU_aESRigid,0.01931014657
AEZ15,MidIncome,pe,BAU_aESRigid,1.1696908474
AEZ16,MidIncome,pe,BAU_aESRigid,2.4423959255
AEZ17,MidIncome,pe,BAU_aESRigid,-2.017875433
AEZ18,MidIncome,pe,BAU_aESRigid,-2.9497721195
UnSkLab,MidIncome,pe,BAU_aESRigid,-1.1260381937
SkLab,MidIncome,pe,BAU_aESRigid,-1.0785031319
Capital,MidIncome,pe,BAU_aESRigid,-0.94215816259
NatRes,MidIncome,pe,BAU_aESRigid,7.8401889801
AEZ1,LowIncome,pe,BAU_aESRigid,-4.0488414764
AEZ2,LowIncome,pe,BAU_aESRigid,-4.0751280785
AEZ3,LowIncome,pe,BAU_aESRigid,-4.3993926048
AEZ4,LowIncome,pe,BAU_aESRigid,-4.2390146255
AEZ5,LowIncome,pe,BAU_aESRigid,-4.004611969
AEZ6,LowIncome,pe,BAU_aESRigid,-4.8131084442
AEZ7,LowIncome,pe,BAU_aESRigid,-3.7031958103
AEZ8,LowIncome,pe,BAU_aESRigid,-4.2207970619
AEZ9,LowIncome,pe,BAU_aESRigid,-2.9599428177
AEZ10,LowIncome,pe,BAU_aESRigid,-1.5762342215
AEZ11,LowIncome,pe,BAU_aESRigid,-2.5619254112
AEZ12,LowIncome,pe,BAU_aESRigid,-1.9766949415
AEZ13,LowIncome,pe,BAU_aESRigid,-3.5020048618
AEZ14,LowIncome,pe,BAU_aESRigid,0.56050801277
AEZ15,LowIncome,pe,BAU_aESRigid,1.0653641224
AEZ16,LowIncome,pe,BAU_aESRigid,-1.2947028875
AEZ17,LowIncome,pe,BAU_aESRigid,-3.9243431091
AEZ18,LowIncome,pe,BAU_aESRigid,-3.97945714
UnSkLab,LowIncome,pe,BAU_aESRigid,-0.27217805386
SkLab,LowIncome,pe,BAU_aESRigid,-0.25077080727
Capital,LowIncome,pe,BAU_aESRigid,-0.32730466127
NatRes,LowIncome,pe,BAU_aESRigid,6.1785707474
AEZ1,World,pe,BAU_aESRigid,-1.0593304634
AEZ2,World,pe,BAU_aESRigid,0.77826452255
AEZ3,World,pe,BAU_aESRigid,-1.5740258694
AEZ4,World,pe,BAU_aESRigid,-1.2122180462
AEZ5,World,pe,BAU_aESRigid,1.4012038708
AEZ6,World,pe,BAU_aESRigid,4.6722073555
AEZ7,World,pe,BAU_aESRigid,-2.051024437
AEZ8,World,pe,BAU_aESRigid,-1.8857418299
AEZ9,World,pe,BAU_aESRigid,-2.8549993038
AEZ10,World,pe,BAU_aESRigid,-2.3134708405
AEZ11,World,pe,BAU_aESRigid,-2.8926286697
AEZ12,World,pe,BAU_aESRigid,-4.5075187683
AEZ13,World,pe,BAU_aESRigid,-1.725954771
AEZ14,World,pe,BAU_aESRigid,0.10595596582
AEZ15,World,pe,BAU_aESRigid,1.0714383125
AEZ16,World,pe,BAU_aESRigid,1.8705203533
AEZ17,World,pe,BAU_aESRigid,-2.3868074417
AEZ18,World,pe,BAU_aESRigid,-2.8881540298
UnSkLab,World,pe,BAU_aESRigid,-0.65650033951
SkLab,World,pe,BAU_aESRigid,-0.60693436861
Capital,World,pe,BAU_aESRigid,-0.65382623672
NatRes,World,pe,BAU_aESRigid,7.5490860939
AEZ1,HighIncome,qe,BAU_aESRigid,-2.10321904160082E-0003
AEZ2,HighIncome,qe,BAU_aESRigid,0.045508041978
AEZ3,HighIncome,qe,BAU_aESRigid,-7.11068650707603E-0003
AEZ4,HighIncome,qe,BAU_aESRigid,-0.10268787295
AEZ5,HighIncome,qe,BAU_aESRigid,-0.033543262631
AEZ6,HighIncome,qe,BAU_aESRigid,-5.00542763620615E-0003
AEZ7,HighIncome,qe,BAU_aESRigid,-4.18904377147555E-0003
AEZ8,HighIncome,qe,BAU_aESRigid,-2.42408132180572E-0003
AEZ9,HighIncome,qe,BAU_aESRigid,7.82035276643001E-0005
AEZ10,HighIncome,qe,BAU_aESRigid,8.46024020574987E-0004
AEZ11,HighIncome,qe,BAU_aESRigid,1.07739481609315E-0003
AEZ12,HighIncome,qe,BAU_aESRigid,-2.11640610359609E-0004
AEZ1,MidIncome,qe,BAU_aESRigid,-5.44044421985745E-0004
AEZ2,MidIncome,qe,BAU_aESRigid,-0.01028631255
AEZ3,MidIncome,qe,BAU_aESRigid,-0.026371374726
AEZ4,MidIncome,qe,BAU_aESRigid,-0.035407669842
AEZ5,MidIncome,qe,BAU_aESRigid,-0.036961082369
AEZ6,MidIncome,qe,BAU_aESRigid,0.38162955642
AEZ7,MidIncome,qe,BAU_aESRigid,-3.37771984050050E-0004
AEZ8,MidIncome,qe,BAU_aESRigid,-0.01097115688
AEZ9,MidIncome,qe,BAU_aESRigid,-0.013044404797
AEZ10,MidIncome,qe,BAU_aESRigid,-8.73549189418554E-0003
AEZ11,MidIncome,qe,BAU_aESRigid,-1.57339614816010E-0003
AEZ12,MidIncome,qe,BAU_aESRigid,-5.33434888347983E-0003
AEZ13,MidIncome,qe,BAU_aESRigid,-1.00127486803103E-0004
AEZ14,MidIncome,qe,BAU_aESRigid,7.63425137847662E-0004
AEZ15,MidIncome,qe,BAU_aESRigid,3.62449069507420E-0003
AEZ16,MidIncome,qe,BAU_aESRigid,-1.56904206960462E-0007
AEZ17,MidIncome,qe,BAU_aESRigid,9.11873826225928E-0007
AEZ18,MidIncome,qe,BAU_aESRigid,-2.72035777015844E-0006
AEZ1,LowIncome,qe,BAU_aESRigid,-3.49449156783521E-0003
AEZ2,LowIncome,qe,BAU_aESRigid,-2.53021251410246E-0003
AEZ3,LowIncome,qe,BAU_aESRigid,-5.03013655543327E-0003
AEZ4,LowIncome,qe,BAU_aESRigid,-3.47017921740189E-0004
AEZ5,LowIncome,qe,BAU_aESRigid,-1.61413991008885E-0005
AEZ6,LowIncome,qe,BAU_aESRigid,-5.49490097910166E-0004
AEZ7,LowIncome,qe,BAU_aESRigid,-0.050653744489
AEZ8,LowIncome,qe,BAU_aESRigid,-0.051265232265
AEZ9,LowIncome,qe,BAU_aESRigid,-9.92343574762344E-0003
AEZ10,LowIncome,qe,BAU_aESRigid,-7.49153178185225E-0003
AEZ11,LowIncome,qe,BAU_aESRigid,-0.010199627839
AEZ12,LowIncome,qe,BAU_aESRigid,-1.75669603049755E-0003
AEZ13,LowIncome,qe,BAU_aESRigid,6.09273286045209E-0007
AEZ14,LowIncome,qe,BAU_aESRigid,-1.44359760452062E-0003
AEZ15,LowIncome,qe,BAU_aESRigid,-2.42195697501302E-0003
AEZ16,LowIncome,qe,BAU_aESRigid,-6.46966509521007E-0005
AEZ1,World,qe,BAU_aESRigid,-1.11589592415839E-0003
AEZ2,World,qe,BAU_aESRigid,-3.81366070359945E-0003
AEZ3,World,qe,BAU_aESRigid,-0.0238535963
AEZ4,World,qe,BAU_aESRigid,-0.049101736397
AEZ5,World,qe,BAU_aESRigid,-0.036228958517
AEZ6,World,qe,BAU_aESRigid,0.34193620086
AEZ7,World,qe,BAU_aESRigid,-2.62215966358781E-0003
AEZ8,World,qe,BAU_aESRigid,-0.018162930384
AEZ9,World,qe,BAU_aESRigid,-0.012286901474
AEZ10,World,qe,BAU_aESRigid,-7.85359553992748E-0003
AEZ11,World,qe,BAU_aESRigid,-5.04013197496533E-0003
AEZ12,World,qe,BAU_aESRigid,-4.83437022194266E-0003
AEZ13,World,qe,BAU_aESRigid,-7.44146964279935E-0005
AEZ14,World,qe,BAU_aESRigid,1.94878928596154E-0004
AEZ15,World,qe,BAU_aESRigid,1.30705279298127E-0003
AEZ16,World,qe,BAU_aESRigid,-7.51112656871555E-0006
AEZ17,World,qe,BAU_aESRigid,4.83550252283749E-0007
AEZ18,World,qe,BAU_aESRigid,-1.35640846110618E-0006
AEZ1,HighIncome,pe,BAU_aECOLLPS,93.147293091
AEZ2,HighIncome,pe,BAU_aECOLLPS,110.05478668
AEZ3,HighIncome,pe,BAU_aECOLLPS,127.18518066
AEZ4,HighIncome,pe,BAU_aECOLLPS,133.92810059
AEZ5,HighIncome,pe,BAU_aECOLLPS,176.66976929
AEZ6,HighIncome,pe,BAU_aECOLLPS,1397.0257568
AEZ7,HighIncome,pe,BAU_aECOLLPS,87.714729309
AEZ8,HighIncome,pe,BAU_aECOLLPS,98.000198364
AEZ9,HighIncome,pe,BAU_aECOLLPS,120.98329163
AEZ10,HighIncome,pe,BAU_aECOLLPS,106.30166626
AEZ11,HighIncome,pe,BAU_aECOLLPS,118.92075348
AEZ12,HighIncome,pe,BAU_aECOLLPS,129.98686218
AEZ13,HighIncome,pe,BAU_aECOLLPS,82.923614502
AEZ14,HighIncome,pe,BAU_aECOLLPS,82.930641174
AEZ15,HighIncome,pe,BAU_aECOLLPS,77.780555725
AEZ16,HighIncome,pe,BAU_aECOLLPS,79.925743103
AEZ17,HighIncome,pe,BAU_aECOLLPS,77.780555725
AEZ18,HighIncome,pe,BAU_aECOLLPS,77.780555725
UnSkLab,HighIncome,pe,BAU_aECOLLPS,-19.934503555
SkLab,HighIncome,pe,BAU_aECOLLPS,-19.051395416
Capital,HighIncome,pe,BAU_aECOLLPS,-21.159883499
NatRes,HighIncome,pe,BAU_aECOLLPS,34.764160156
AEZ1,MidIncome,pe,BAU_aECOLLPS,100.4603653
AEZ2,MidIncome,pe,BAU_aECOLLPS,48.938228607
AEZ3,MidIncome,pe,BAU_aECOLLPS,73.314292908
AEZ4,MidIncome,pe,BAU_aECOLLPS,77.705192566
AEZ5,MidIncome,pe,BAU_aECOLLPS,113.3575592
AEZ6,MidIncome,pe,BAU_aECOLLPS,237.82104492
AEZ7,MidIncome,pe,BAU_aECOLLPS,110.27891541
AEZ8,MidIncome,pe,BAU_aECOLLPS,144.62664795
AEZ9,MidIncome,pe,BAU_aECOLLPS,167.94796753
AEZ10,MidIncome,pe,BAU_aECOLLPS,199.83525085
AEZ11,MidIncome,pe,BAU_aECOLLPS,201.27893066
AEZ12,MidIncome,pe,BAU_aECOLLPS,230.71354675
AEZ13,MidIncome,pe,BAU_aECOLLPS,150.29858398
AEZ14,MidIncome,pe,BAU_aECOLLPS,178.96009827
AEZ15,MidIncome,pe,BAU_aECOLLPS,140.17660522
AEZ16,MidIncome,pe,BAU_aECOLLPS,120.56111908
AEZ17,MidIncome,pe,BAU_aECOLLPS,166.60220337
AEZ18,MidIncome,pe,BAU_aECOLLPS,155.89631653
UnSkLab,MidIncome,pe,BAU_aECOLLPS,-14.739443779
SkLab,MidIncome,pe,BAU_aECOLLPS,-14.069135666
Capital,MidIncome,pe,BAU_aECOLLPS,-13.957659721
NatRes,MidIncome,pe,BAU_aECOLLPS,17.617708206
AEZ1,LowIncome,pe,BAU_aECOLLPS,359.73278809
AEZ2,LowIncome,pe,BAU_aECOLLPS,361.56213379
AEZ3,LowIncome,pe,BAU_aECOLLPS,363.95278931
AEZ4,LowIncome,pe,BAU_aECOLLPS,365.28363037
AEZ5,LowIncome,pe,BAU_aECOLLPS,358.04959106
AEZ6,LowIncome,pe,BAU_aECOLLPS,356.19235229
AEZ7,LowIncome,pe,BAU_aECOLLPS,314.89511108
AEZ8,LowIncome,pe,BAU_aECOLLPS,320.66870117
AEZ9,LowIncome,pe,BAU_aECOLLPS,327.29489136
AEZ10,LowIncome,pe,BAU_aECOLLPS,247.40608215
AEZ11,LowIncome,pe,BAU_aECOLLPS,217.50309753
AEZ12,LowIncome,pe,BAU_aECOLLPS,243.30020142
AEZ13,LowIncome,pe,BAU_aECOLLPS,356.62530518
AEZ14,LowIncome,pe,BAU_aECOLLPS,362.46939087
AEZ15,LowIncome,pe,BAU_aECOLLPS,339.31259155
AEZ16,LowIncome,pe,BAU_aECOLLPS,363.78039551
AEZ17,LowIncome,pe,BAU_aECOLLPS,359.50958252
AEZ18,LowIncome,pe,BAU_aECOLLPS,362.10192871
UnSkLab,LowIncome,pe,BAU_aECOLLPS,-2.7674560547
SkLab,LowIncome,pe,BAU_aECOLLPS,-2.5524098873
Capital,LowIncome,pe,BAU_aECOLLPS,-3.151402235
NatRes,LowIncome,pe,BAU_aECOLLPS,12.69998455
AEZ1,World,pe,BAU_aECOLLPS,123.46831512
AEZ2,World,pe,BAU_aECOLLPS,62.381263733
AEZ3,World,pe,BAU_aECOLLPS,83.155960083
AEZ4,World,pe,BAU_aECOLLPS,91.205352783
AEZ5,World,pe,BAU_aECOLLPS,123.69412231
AEZ6,World,pe,BAU_aECOLLPS,342.52929688
AEZ7,World,pe,BAU_aECOLLPS,118.72754669
AEZ8,World,pe,BAU_aECOLLPS,176.28981018
AEZ9,World,pe,BAU_aECOLLPS,194.25526428
AEZ10,World,pe,BAU_aECOLLPS,219.94714355
AEZ11,World,pe,BAU_aECOLLPS,204.18901062
AEZ12,World,pe,BAU_aECOLLPS,230.56314087
AEZ13,World,pe,BAU_aECOLLPS,178.40855408
AEZ14,World,pe,BAU_aECOLLPS,217.20838928
AEZ15,World,pe,BAU_aECOLLPS,210.84292603
AEZ16,World,pe,BAU_aECOLLPS,146.98252869
AEZ17,World,pe,BAU_aECOLLPS,210.59957886
AEZ18,World,pe,BAU_aECOLLPS,208.49601746
UnSkLab,World,pe,BAU_aECOLLPS,-8.314491272
SkLab,World,pe,BAU_aECOLLPS,-7.6117734909
Capital,World,pe,BAU_aECOLLPS,-8.9047517776
NatRes,World,pe,BAU_aECOLLPS,17.264530182
AEZ1,HighIncome,qe,BAU_aECOLLPS,0.15610857308
AEZ2,HighIncome,qe,BAU_aECOLLPS,0.4493252337
AEZ3,HighIncome,qe,BAU_aECOLLPS,1.2682523727
AEZ4,HighIncome,qe,BAU_aECOLLPS,2.4350950718
AEZ5,HighIncome,qe,BAU_aECOLLPS,1.2290891409
AEZ6,HighIncome,qe,BAU_aECOLLPS,1.7481787205
AEZ7,HighIncome,qe,BAU_aECOLLPS,0.10067084432
AEZ8,HighIncome,qe,BAU_aECOLLPS,0.0550038293
AEZ9,HighIncome,qe,BAU_aECOLLPS,0.049799658358
AEZ10,HighIncome,qe,BAU_aECOLLPS,0.057580430061
AEZ11,HighIncome,qe,BAU_aECOLLPS,0.10313548148
AEZ12,HighIncome,qe,BAU_aECOLLPS,-6.24114042147994E-0003
AEZ1,MidIncome,qe,BAU_aECOLLPS,0.02590905875
AEZ2,MidIncome,qe,BAU_aECOLLPS,-0.017482334748
AEZ3,MidIncome,qe,BAU_aECOLLPS,0.39274436235
AEZ4,MidIncome,qe,BAU_aECOLLPS,0.68693429232
AEZ5,MidIncome,qe,BAU_aECOLLPS,1.892013073
AEZ6,MidIncome,qe,BAU_aECOLLPS,6.2026433945
AEZ7,MidIncome,qe,BAU_aECOLLPS,0.02286593616
AEZ8,MidIncome,qe,BAU_aECOLLPS,0.45853322744
AEZ9,MidIncome,qe,BAU_aECOLLPS,0.39321929216
AEZ10,MidIncome,qe,BAU_aECOLLPS,0.18426883221
AEZ11,MidIncome,qe,BAU_aECOLLPS,0.076785027981
AEZ12,MidIncome,qe,BAU_aECOLLPS,0.26835271716
AEZ13,MidIncome,qe,BAU_aECOLLPS,3.76733951270580E-0003
AEZ14,MidIncome,qe,BAU_aECOLLPS,0.060101475567
AEZ15,MidIncome,qe,BAU_aECOLLPS,0.39945757389
AEZ16,MidIncome,qe,BAU_aECOLLPS,1.49406469427049E-0003
AEZ17,MidIncome,qe,BAU_aECOLLPS,3.10495874146000E-0004
AEZ18,MidIncome,qe,BAU_aECOLLPS,5.76854836253915E-0005
AEZ1,LowIncome,qe,BAU_aECOLLPS,0.052404340357
AEZ2,LowIncome,qe,BAU_aECOLLPS,0.042136572301
AEZ3,LowIncome,qe,BAU_aECOLLPS,0.074220120907
AEZ4,LowIncome,qe,BAU_aECOLLPS,6.06875307857990E-0003
AEZ5,LowIncome,qe,BAU_aECOLLPS,3.52437578840181E-0004
AEZ6,LowIncome,qe,BAU_aECOLLPS,7.78501713648438E-0003
AEZ7,LowIncome,qe,BAU_aECOLLPS,0.75491797924
AEZ8,LowIncome,qe,BAU_aECOLLPS,1.374961853
AEZ9,LowIncome,qe,BAU_aECOLLPS,0.44080764055
AEZ10,LowIncome,qe,BAU_aECOLLPS,0.71349906921
AEZ11,LowIncome,qe,BAU_aECOLLPS,0.31940582395
AEZ12,LowIncome,qe,BAU_aECOLLPS,0.19448600709
AEZ13,LowIncome,qe,BAU_aECOLLPS,3.09696588374209E-0005
AEZ14,LowIncome,qe,BAU_aECOLLPS,0.14011909068
AEZ15,LowIncome,qe,BAU_aECOLLPS,0.26897957921
AEZ16,LowIncome,qe,BAU_aECOLLPS,2.64442106708884E-0003
AEZ1,World,qe,BAU_aECOLLPS,0.052146647125
AEZ2,World,qe,BAU_aECOLLPS,0.043783087283
AEZ3,World,qe,BAU_aECOLLPS,0.49903154373
AEZ4,World,qe,BAU_aECOLLPS,1.0798175335
AEZ5,World,qe,BAU_aECOLLPS,1.7647744417
AEZ6,World,qe,BAU_aECOLLPS,5.5774569511
AEZ7,World,qe,BAU_aECOLLPS,0.071088567376
AEZ8,World,qe,BAU_aECOLLPS,0.6680547595
AEZ9,World,qe,BAU_aECOLLPS,0.39795094728
AEZ10,World,qe,BAU_aECOLLPS,0.44642698765
AEZ11,World,qe,BAU_aECOLLPS,0.18101584911
AEZ12,World,qe,BAU_aECOLLPS,0.25660353899
AEZ13,World,qe,BAU_aECOLLPS,2.61290115304291E-0003
AEZ14,World,qe,BAU_aECOLLPS,0.081265583634
AEZ15,World,qe,BAU_aECOLLPS,0.31987780333
AEZ16,World,qe,BAU_aECOLLPS,1.61378155462444E-0003
AEZ17,World,qe,BAU_aECOLLPS,1.45189042086713E-0004
AEZ18,World,qe,BAU_aECOLLPS,2.59202788583934E-0005
