REGWLD,GDPS,SCEN,Value
ARG,GDPpct,BAU,21.250999451
BGD,GDPpct,BAU,30.785999298
BRAZIL,GDPpct,BAU,19.829999924
C_C_Amer,GDPpct,BAU,27.49200058
CAN,GDPpct,BAU,21.464000702
CHIHKG,GDPpct,BAU,51.02299881
COL,GDPpct,BAU,14.583000183
E_Asia,GDPpct,BAU,47.414001465
EGY,GDPpct,BAU,42.676998138
ETH,GDPpct,BAU,29.211999893
EU27,GDPpct,BAU,13.357000351
IDN,GDPpct,BAU,23.437999725
INDIA,GDPpct,BAU,44.785999298
JAPAN,GDPpct,BAU,10.295999527
KOR,GDPpct,BAU,27.958999634
MAR,GDPpct,BAU,25.625
MDG,GDPpct,BAU,18.829000473
MEAS_NAfr,GDPpct,BAU,17.275999069
MEX,GDPpct,BAU,21.483999252
MYS,GDPpct,BAU,29.228000641
NGA,GDPpct,BAU,55.09400177
Oceania,GDPpct,BAU,24.141000748
Oth_CEE_CIS,GDPpct,BAU,37.28099823
Oth_Europe,GDPpct,BAU,14.097999573
PAK,GDPpct,BAU,27.98500061
PHL,GDPpct,BAU,40.11000061
POL,GDPpct,BAU,30.655000687
R_S_Asia,GDPpct,BAU,29.815000534
R_SE_Asia,GDPpct,BAU,26.802000046
Russia,GDPpct,BAU,26.562999725
S_o_Amer,GDPpct,BAU,20.125999451
S_S_AFR,GDPpct,BAU,38.553001404
TUR,GDPpct,BAU,35.298000336
USA,GDPpct,BAU,13.041000366
VNM,GDPpct,BAU,36.951999664
XAC,GDPpct,BAU,49.687000275
ZAF,GDPpct,BAU,26.153999329
World,GDPpct,BAU,23.10112381
ARG,RealGDPvalch,BAU,116466.20312
BGD,RealGDPvalch,BAU,53224.421875
BRAZIL,RealGDPvalch,BAU,479300.53125
C_C_Amer,RealGDPvalch,BAU,152914.29688
CAN,RealGDPvalch,BAU,382870.375
CHIHKG,RealGDPvalch,BAU,5700457
COL,RealGDPvalch,BAU,55184.363281
E_Asia,RealGDPvalch,BAU,40368.007813
EGY,RealGDPvalch,BAU,128670.79688
ETH,RealGDPvalch,BAU,16245.40625
EU27,RealGDPvalch,BAU,2394980.25
IDN,RealGDPvalch,BAU,208710.89063
INDIA,RealGDPvalch,BAU,914727.0625
JAPAN,RealGDPvalch,BAU,473221
KOR,RealGDPvalch,BAU,394588.90625
MAR,RealGDPvalch,BAU,28189.849609
MDG,RealGDPvalch,BAU,2073.2817383
MEAS_NAfr,RealGDPvalch,BAU,529891.5
MEX,RealGDPvalch,BAU,278829.6875
MYS,RealGDPvalch,BAU,98821.007812
NGA,RealGDPvalch,BAU,313205.9375
Oceania,RealGDPvalch,BAU,411832.625
Oth_CEE_CIS,RealGDPvalch,BAU,317961.4375
Oth_Europe,RealGDPvalch,BAU,173511
PAK,RealGDPvalch,BAU,68110.734375
PHL,RealGDPvalch,BAU,114224.05469
POL,RealGDPvalch,BAU,167063.60938
R_S_Asia,RealGDPvalch,BAU,37230.121094
R_SE_Asia,RealGDPvalch,BAU,220877.23438
Russia,RealGDPvalch,BAU,539486.5625
S_o_Amer,RealGDPvalch,BAU,242952.0625
S_S_AFR,RealGDPvalch,BAU,231005.1875
TUR,RealGDPvalch,BAU,281958.34375
USA,RealGDPvalch,BAU,2262366.75
VNM,RealGDPvalch,BAU,68806.484375
XAC,RealGDPvalch,BAU,79279.40625
ZAF,RealGDPvalch,BAU,91505.242188
World,RealGDPvalch,BAU,18071112
ARG,NomGDPvalch,BAU,59683.6875
BGD,NomGDPvalch,BAU,38885.78125
BRAZIL,NomGDPvalch,BAU,293656.5
C_C_Amer,NomGDPvalch,BAU,83971.375
CAN,NomGDPvalch,BAU,266256.25
CHIHKG,NomGDPvalch,BAU,3277696
COL,NomGDPvalch,BAU,44709.40625
E_Asia,NomGDPvalch,BAU,26870.5
EGY,NomGDPvalch,BAU,92231.4375
ETH,NomGDPvalch,BAU,13448.597656
EU27,NomGDPvalch,BAU,895308
IDN,NomGDPvalch,BAU,113901.8125
INDIA,NomGDPvalch,BAU,481527
JAPAN,NomGDPvalch,BAU,58921
KOR,NomGDPvalch,BAU,210805.375
MAR,NomGDPvalch,BAU,16926.820313
MDG,NomGDPvalch,BAU,2050.2685547
MEAS_NAfr,NomGDPvalch,BAU,399814.25
MEX,NomGDPvalch,BAU,132894
MYS,NomGDPvalch,BAU,58831.84375
NGA,NomGDPvalch,BAU,264639.75
Oceania,NomGDPvalch,BAU,344401.5
Oth_CEE_CIS,NomGDPvalch,BAU,211787.6875
Oth_Europe,NomGDPvalch,BAU,100466.875
PAK,NomGDPvalch,BAU,17150.53125
PHL,NomGDPvalch,BAU,81457.90625
POL,NomGDPvalch,BAU,94458.75
R_S_Asia,NomGDPvalch,BAU,25776.53125
R_SE_Asia,NomGDPvalch,BAU,98550.125
Russia,NomGDPvalch,BAU,411605.5
S_o_Amer,NomGDPvalch,BAU,161934.5
S_S_AFR,NomGDPvalch,BAU,173910.3125
TUR,NomGDPvalch,BAU,161005.875
USA,NomGDPvalch,BAU,1346420
VNM,NomGDPvalch,BAU,48133.359375
XAC,NomGDPvalch,BAU,74973.640625
ZAF,NomGDPvalch,BAU,51732.1875
World,NomGDPvalch,BAU,10236795
ARG,GDPpct,BAU_noES,28.113981247
BGD,GDPpct,BAU_noES,41.204708099
BRAZIL,GDPpct,BAU_noES,26.193353653
C_C_Amer,GDPpct,BAU_noES,36.657196045
CAN,GDPpct,BAU_noES,28.414926529
CHIHKG,GDPpct,BAU_noES,69.883750916
COL,GDPpct,BAU_noES,19.145978928
E_Asia,GDPpct,BAU_noES,64.676353455
EGY,GDPpct,BAU_noES,57.582115173
ETH,GDPpct,BAU_noES,39.02702713
EU27,GDPpct,BAU_noES,17.494537354
IDN,GDPpct,BAU_noES,31.1667099
INDIA,GDPpct,BAU_noES,60.891349792
JAPAN,GDPpct,BAU_noES,13.435319901
KOR,GDPpct,BAU_noES,37.308010101
MAR,GDPpct,BAU_noES,34.092430115
MDG,GDPpct,BAU_noES,24.860054016
MEAS_NAfr,GDPpct,BAU_noES,22.778007507
MEX,GDPpct,BAU_noES,28.429502487
MYS,GDPpct,BAU_noES,39.056983948
NGA,GDPpct,BAU_noES,75.715370178
Oceania,GDPpct,BAU_noES,32.065856934
Oth_CEE_CIS,GDPpct,BAU_noES,50.280464172
Oth_Europe,GDPpct,BAU_noES,18.49546814
PAK,GDPpct,BAU_noES,37.337703705
PHL,GDPpct,BAU_noES,54.269203186
POL,GDPpct,BAU_noES,41.03194046
R_S_Asia,GDPpct,BAU_noES,39.863704681
R_SE_Asia,GDPpct,BAU_noES,35.717662811
Russia,GDPpct,BAU_noES,35.381980896
S_o_Amer,GDPpct,BAU_noES,26.60461235
S_S_AFR,GDPpct,BAU_noES,52.067405701
TUR,GDPpct,BAU_noES,47.503952026
USA,GDPpct,BAU_noES,17.077690125
VNM,GDPpct,BAU_noES,49.814605713
XAC,GDPpct,BAU_noES,67.973426819
ZAF,GDPpct,BAU_noES,34.81697464
World,GDPpct,BAU_noES,32.528938293
ARG,RealGDPvalch,BAU_noES,170858.28125
BGD,RealGDPvalch,BAU_noES,87259.601563
BRAZIL,RealGDPvalch,BAU_noES,710024.1875
C_C_Amer,RealGDPvalch,BAU_noES,234673.92187
CAN,RealGDPvalch,BAU_noES,582516.0625
CHIHKG,RealGDPvalch,BAU_noES,10098219
COL,RealGDPvalch,BAU_noES,81011.445313
E_Asia,RealGDPvalch,BAU_noES,72443.9375
EGY,RealGDPvalch,BAU_noES,226718.42188
ETH,RealGDPvalch,BAU_noES,26952.335937
EU27,RealGDPvalch,BAU_noES,3293492.5
IDN,RealGDPvalch,BAU_noES,313033
INDIA,RealGDPvalch,BAU_noES,1536877.375
JAPAN,RealGDPvalch,BAU_noES,625425.5
KOR,RealGDPvalch,BAU_noES,605180
MAR,RealGDPvalch,BAU_noES,43275.5625
MDG,RealGDPvalch,BAU_noES,3247.065918
MEAS_NAfr,RealGDPvalch,BAU_noES,789719.375
MEX,RealGDPvalch,BAU_noES,406752.875
MYS,RealGDPvalch,BAU_noES,155031.125
NGA,RealGDPvalch,BAU_noES,630810.0625
Oceania,RealGDPvalch,BAU_noES,657461.75
Oth_CEE_CIS,RealGDPvalch,BAU_noES,535318.875
Oth_Europe,RealGDPvalch,BAU_noES,246214.65625
PAK,RealGDPvalch,BAU_noES,97277.234375
PHL,RealGDPvalch,BAU_noES,198752.75
POL,RealGDPvalch,BAU_noES,262374.125
R_S_Asia,RealGDPvalch,BAU_noES,60053.457031
R_SE_Asia,RealGDPvalch,BAU_noES,329551.65625
Russia,RealGDPvalch,BAU_noES,864231.6875
S_o_Amer,RealGDPvalch,BAU_noES,364241.03125
S_S_AFR,RealGDPvalch,BAU_noES,402532.53125
TUR,RealGDPvalch,BAU_noES,455942.90625
USA,RealGDPvalch,BAU_noES,3192594
VNM,RealGDPvalch,BAU_noES,116734.74219
XAC,RealGDPvalch,BAU_noES,159418.95313
ZAF,RealGDPvalch,BAU_noES,139826.04688
World,RealGDPvalch,BAU_noES,28776048
ARG,NomGDPvalch,BAU_noES,62342.8125
BGD,NomGDPvalch,BAU_noES,78530.15625
BRAZIL,NomGDPvalch,BAU_noES,456254
C_C_Amer,NomGDPvalch,BAU_noES,93914.625
CAN,NomGDPvalch,BAU_noES,551258.125
CHIHKG,NomGDPvalch,BAU_noES,4580844
COL,NomGDPvalch,BAU_noES,134803.21875
E_Asia,NomGDPvalch,BAU_noES,52867.8125
EGY,NomGDPvalch,BAU_noES,151979.125
ETH,NomGDPvalch,BAU_noES,27498.648438
EU27,NomGDPvalch,BAU_noES,733178
IDN,NomGDPvalch,BAU_noES,159929.375
INDIA,NomGDPvalch,BAU_noES,333730
JAPAN,NomGDPvalch,BAU_noES,-233965.5
KOR,NomGDPvalch,BAU_noES,121681.75
MAR,NomGDPvalch,BAU_noES,20918.539063
MDG,NomGDPvalch,BAU_noES,5541.7636719
MEAS_NAfr,NomGDPvalch,BAU_noES,1207783.25
MEX,NomGDPvalch,BAU_noES,200342.75
MYS,NomGDPvalch,BAU_noES,91167.03125
NGA,NomGDPvalch,BAU_noES,708790.3125
Oceania,NomGDPvalch,BAU_noES,896841.125
Oth_CEE_CIS,NomGDPvalch,BAU_noES,398934.875
Oth_Europe,NomGDPvalch,BAU_noES,220533.75
PAK,NomGDPvalch,BAU_noES,-1917.78125
PHL,NomGDPvalch,BAU_noES,127786.6875
POL,NomGDPvalch,BAU_noES,110528.0625
R_S_Asia,NomGDPvalch,BAU_noES,36147.90625
R_SE_Asia,NomGDPvalch,BAU_noES,54531.3125
Russia,NomGDPvalch,BAU_noES,1165876.5
S_o_Amer,NomGDPvalch,BAU_noES,353758.75
S_S_AFR,NomGDPvalch,BAU_noES,368202.875
TUR,NomGDPvalch,BAU_noES,175025.1875
USA,NomGDPvalch,BAU_noES,1792412
VNM,NomGDPvalch,BAU_noES,93290.796875
XAC,NomGDPvalch,BAU_noES,244557.0625
ZAF,NomGDPvalch,BAU_noES,75008.6875
World,NomGDPvalch,BAU_noES,15650908
ARG,GDPpct,BAU_aES,7.63457827270031E-0003
BGD,GDPpct,BAU_aES,-2.0813808441
BRAZIL,GDPpct,BAU_aES,-0.044694043696
C_C_Amer,GDPpct,BAU_aES,-0.17958281934
CAN,GDPpct,BAU_aES,4.21739090234041E-0003
CHIHKG,GDPpct,BAU_aES,-0.29308238626
COL,GDPpct,BAU_aES,0.050142563879
E_Asia,GDPpct,BAU_aES,0.011054211296
EGY,GDPpct,BAU_aES,-0.54422402382
ETH,GDPpct,BAU_aES,-0.32532665133
EU27,GDPpct,BAU_aES,1.75774202216417E-0003
IDN,GDPpct,BAU_aES,-0.35774037242
INDIA,GDPpct,BAU_aES,-0.17929404974
JAPAN,GDPpct,BAU_aES,-0.039166405797
KOR,GDPpct,BAU_aES,-0.11100675911
MAR,GDPpct,BAU_aES,0.2476426512
MDG,GDPpct,BAU_aES,-1.0554507971
MEAS_NAfr,GDPpct,BAU_aES,0.073612675071
MEX,GDPpct,BAU_aES,8.70550330728292E-0003
MYS,GDPpct,BAU_aES,-0.37189304829
NGA,GDPpct,BAU_aES,-0.077327623963
Oceania,GDPpct,BAU_aES,0.082170508802
Oth_CEE_CIS,GDPpct,BAU_aES,-0.021261498332
Oth_Europe,GDPpct,BAU_aES,-0.069630347192
PAK,GDPpct,BAU_aES,0.19437851012
PHL,GDPpct,BAU_aES,0.26208159328
POL,GDPpct,BAU_aES,-0.086878977716
R_S_Asia,GDPpct,BAU_aES,-0.51466065645
R_SE_Asia,GDPpct,BAU_aES,-0.16299690306
Russia,GDPpct,BAU_aES,0.060096152127
S_o_Amer,GDPpct,BAU_aES,-0.071038194001
S_S_AFR,GDPpct,BAU_aES,0.032336525619
TUR,GDPpct,BAU_aES,-0.07238534838
USA,GDPpct,BAU_aES,-7.07269972190261E-0003
VNM,GDPpct,BAU_aES,-0.091372549534
XAC,GDPpct,BAU_aES,1.2638400793
ZAF,GDPpct,BAU_aES,-0.016935775056
World,GDPpct,BAU_aES,-0.07194468379
ARG,RealGDPvalch,BAU_aES,51.157550812
BGD,RealGDPvalch,BAU_aES,-6042.2709961
BRAZIL,RealGDPvalch,BAU_aES,-1415.4414063
C_C_Amer,RealGDPvalch,BAU_aES,-1318.3171387
CAN,RealGDPvalch,BAU_aES,109.70671844
CHIHKG,RealGDPvalch,BAU_aES,-55776.125
COL,RealGDPvalch,BAU_aES,279.759552
E_Asia,RealGDPvalch,BAU_aES,18.225933075
EGY,RealGDPvalch,BAU_aES,-2969.8833008
ETH,RealGDPvalch,BAU_aES,-314.13327026
EU27,RealGDPvalch,BAU_aES,343.79699707
IDN,RealGDPvalch,BAU_aES,-4165.2143555
INDIA,RealGDPvalch,BAU_aES,-5123.6801758
JAPAN,RealGDPvalch,BAU_aES,-1731.5935059
KOR,RealGDPvalch,BAU_aES,-1935.7358398
MAR,RealGDPvalch,BAU_aES,366.15087891
MDG,RealGDPvalch,BAU_aES,-196.34701538
MEAS_NAfr,RealGDPvalch,BAU_aES,3441.2519531
MEX,RealGDPvalch,BAU_aES,141.99414063
MYS,RealGDPvalch,BAU_aES,-1815.220459
NGA,RealGDPvalch,BAU_aES,-1192.3330078
Oceania,RealGDPvalch,BAU_aES,2421.7207031
Oth_CEE_CIS,RealGDPvalch,BAU_aES,-311.18341064
Oth_Europe,RealGDPvalch,BAU_aES,-1080.4888916
PAK,RealGDPvalch,BAU_aES,502.69345093
PHL,RealGDPvalch,BAU_aES,1294.7397461
POL,RealGDPvalch,BAU_aES,-651.5635376
R_S_Asia,RealGDPvalch,BAU_aES,-961.35961914
R_SE_Asia,RealGDPvalch,BAU_aES,-1592.7873535
Russia,RealGDPvalch,BAU_aES,2168.5407715
S_o_Amer,RealGDPvalch,BAU_aES,-1223.8806152
S_S_AFR,RealGDPvalch,BAU_aES,369.05734253
TUR,RealGDPvalch,BAU_aES,-821.44708252
USA,RealGDPvalch,BAU_aES,-1448.9798584
VNM,RealGDPvalch,BAU_aES,-299.36309814
XAC,RealGDPvalch,BAU_aES,6054.9101563
ZAF,RealGDPvalch,BAU_aES,-80.717895508
World,RealGDPvalch,BAU_aES,-74904.359375
ARG,NomGDPvalch,BAU_aES,-1176.6875
BGD,NomGDPvalch,BAU_aES,10078.15625
BRAZIL,NomGDPvalch,BAU_aES,-182.75
C_C_Amer,NomGDPvalch,BAU_aES,-4465.5625
CAN,NomGDPvalch,BAU_aES,15087.75
CHIHKG,NomGDPvalch,BAU_aES,-87860
COL,NomGDPvalch,BAU_aES,6300.3125
E_Asia,NomGDPvalch,BAU_aES,393.140625
EGY,NomGDPvalch,BAU_aES,-2342.4375
ETH,NomGDPvalch,BAU_aES,1633.234375
EU27,NomGDPvalch,BAU_aES,-34610
IDN,NomGDPvalch,BAU_aES,-4701.875
INDIA,NomGDPvalch,BAU_aES,-37136
JAPAN,NomGDPvalch,BAU_aES,-27085.5
KOR,NomGDPvalch,BAU_aES,-15757.5
MAR,NomGDPvalch,BAU_aES,-372.53125
MDG,NomGDPvalch,BAU_aES,94.599609375
MEAS_NAfr,NomGDPvalch,BAU_aES,74059.5
MEX,NomGDPvalch,BAU_aES,3196.5
MYS,NomGDPvalch,BAU_aES,514.03125
NGA,NomGDPvalch,BAU_aES,20915.75
Oceania,NomGDPvalch,BAU_aES,38858.5
Oth_CEE_CIS,NomGDPvalch,BAU_aES,6705.375
Oth_Europe,NomGDPvalch,BAU_aES,6966.875
PAK,NomGDPvalch,BAU_aES,-446.140625
PHL,NomGDPvalch,BAU_aES,330.5625
POL,NomGDPvalch,BAU_aES,-2945.25
R_S_Asia,NomGDPvalch,BAU_aES,-688.203125
R_SE_Asia,NomGDPvalch,BAU_aES,-7155.75
Russia,NomGDPvalch,BAU_aES,56268.5
S_o_Amer,NomGDPvalch,BAU_aES,9017.75
S_S_AFR,NomGDPvalch,BAU_aES,7118
TUR,NomGDPvalch,BAU_aES,-5811.375
USA,NomGDPvalch,BAU_aES,-14488
VNM,NomGDPvalch,BAU_aES,1592.46875
XAC,NomGDPvalch,BAU_aES,16271.8125
ZAF,NomGDPvalch,BAU_aES,269.8125
World,NomGDPvalch,BAU_aES,28447.068359
ARG,GDPpct,GlOBPES,0.030501291156
BGD,GDPpct,GlOBPES,-0.062234044075
BRAZIL,GDPpct,GlOBPES,0.011500510387
C_C_Amer,GDPpct,GlOBPES,0.026370311156
CAN,GDPpct,GlOBPES,-7.56219448521733E-0003
CHIHKG,GDPpct,GlOBPES,0.028817428276
COL,GDPpct,GlOBPES,0.012412415817
E_Asia,GDPpct,GlOBPES,-0.013510326855
EGY,GDPpct,GlOBPES,0.26704856753
ETH,GDPpct,GlOBPES,0.013274908997
EU27,GDPpct,GlOBPES,8.75071738846600E-0004
IDN,GDPpct,GlOBPES,-0.22038282454
INDIA,GDPpct,GlOBPES,0.055569577962
JAPAN,GDPpct,GlOBPES,5.00474823638797E-0003
KOR,GDPpct,GlOBPES,6.74649700522423E-0003
MAR,GDPpct,GlOBPES,0.070199742913
MDG,GDPpct,GlOBPES,0.070495851338
MEAS_NAfr,GDPpct,GlOBPES,0.066540673375
MEX,GDPpct,GlOBPES,1.22742459643632E-0003
MYS,GDPpct,GlOBPES,-0.086111389101
NGA,GDPpct,GlOBPES,-0.01563073881
Oceania,GDPpct,GlOBPES,4.73449379205704E-0003
Oth_CEE_CIS,GDPpct,GlOBPES,0.034636367112
Oth_Europe,GDPpct,GlOBPES,3.95014975219965E-0003
PAK,GDPpct,GlOBPES,-0.0178375002
PHL,GDPpct,GlOBPES,0.028851805255
POL,GDPpct,GlOBPES,0.08178897202
R_S_Asia,GDPpct,GlOBPES,0.020400378853
R_SE_Asia,GDPpct,GlOBPES,1.43638602457941E-0003
Russia,GDPpct,GlOBPES,0.015155510977
S_o_Amer,GDPpct,GlOBPES,0.031058536842
S_S_AFR,GDPpct,GlOBPES,-0.070013612509
TUR,GDPpct,GlOBPES,0.012337774038
USA,GDPpct,GlOBPES,7.98909738659859E-0003
VNM,GDPpct,GlOBPES,4.58859652280807E-0003
XAC,GDPpct,GlOBPES,-0.01476144325
ZAF,GDPpct,GlOBPES,-0.015087526292
World,GDPpct,GlOBPES,0.012389902025
ARG,RealGDPvalch,GlOBPES,204.02325439
BGD,RealGDPvalch,GlOBPES,-186.93815613
BRAZIL,RealGDPvalch,GlOBPES,364.19528198
C_C_Amer,RealGDPvalch,GlOBPES,192.40682983
CAN,RealGDPvalch,GlOBPES,-197.85586548
CHIHKG,RealGDPvalch,GlOBPES,5458.8876953
COL,RealGDPvalch,GlOBPES,70.03440094
E_Asia,RealGDPvalch,GlOBPES,-22.328638077
EGY,RealGDPvalch,GlOBPES,1451.0544434
ETH,RealGDPvalch,GlOBPES,13.034975052
EU27,RealGDPvalch,GlOBPES,170.85255432
IDN,RealGDPvalch,GlOBPES,-2555.5820313
INDIA,RealGDPvalch,GlOBPES,1567.3737793
JAPAN,RealGDPvalch,GlOBPES,219.91030884
KOR,RealGDPvalch,GlOBPES,116.58233643
MAR,RealGDPvalch,GlOBPES,103.53199768
MDG,RealGDPvalch,GlOBPES,13.181132317
MEAS_NAfr,RealGDPvalch,GlOBPES,3159.9291992
MEX,RealGDPvalch,GlOBPES,20.059570313
MYS,RealGDPvalch,GlOBPES,-420.75476074
NGA,RealGDPvalch,GlOBPES,-244.28338623
Oceania,RealGDPvalch,GlOBPES,141.37425232
Oth_CEE_CIS,RealGDPvalch,GlOBPES,509.2605896
Oth_Europe,RealGDPvalch,GlOBPES,61.571647644
PAK,RealGDPvalch,GlOBPES,-46.051006317
PHL,RealGDPvalch,GlOBPES,142.62953186
POL,RealGDPvalch,GlOBPES,610.98126221
R_S_Asia,RealGDPvalch,GlOBPES,37.966464996
R_SE_Asia,RealGDPvalch,GlOBPES,13.933418274
Russia,RealGDPvalch,GlOBPES,555.40716553
S_o_Amer,RealGDPvalch,GlOBPES,537.89233398
S_S_AFR,RealGDPvalch,GlOBPES,-804.0501709
TUR,RealGDPvalch,GlOBPES,139.29516602
USA,RealGDPvalch,GlOBPES,1635.5643311
VNM,RealGDPvalch,GlOBPES,15.10665226
XAC,RealGDPvalch,GlOBPES,-73.122314453
ZAF,RealGDPvalch,GlOBPES,-71.949630737
World,RealGDPvalch,GlOBPES,12903.125
ARG,NomGDPvalch,GlOBPES,364.625
BGD,NomGDPvalch,GlOBPES,70.78125
BRAZIL,NomGDPvalch,GlOBPES,-1074
C_C_Amer,NomGDPvalch,GlOBPES,-124.5625
CAN,NomGDPvalch,GlOBPES,-2298.25
CHIHKG,NomGDPvalch,GlOBPES,5434
COL,NomGDPvalch,GlOBPES,372.25
E_Asia,NomGDPvalch,GlOBPES,95.453125
EGY,NomGDPvalch,GlOBPES,800.6875
ETH,NomGDPvalch,GlOBPES,-216.3359375
EU27,NomGDPvalch,GlOBPES,-6540
IDN,NomGDPvalch,GlOBPES,7432.875
INDIA,NomGDPvalch,GlOBPES,-25.5
JAPAN,NomGDPvalch,GlOBPES,-1724
KOR,NomGDPvalch,GlOBPES,-724
MAR,NomGDPvalch,GlOBPES,-290.109375
MDG,NomGDPvalch,GlOBPES,3.041015625
MEAS_NAfr,NomGDPvalch,GlOBPES,1912
MEX,NomGDPvalch,GlOBPES,325.5
MYS,NomGDPvalch,GlOBPES,-65.8125
NGA,NomGDPvalch,GlOBPES,1263.25
Oceania,NomGDPvalch,GlOBPES,-1689
Oth_CEE_CIS,NomGDPvalch,GlOBPES,-111
Oth_Europe,NomGDPvalch,GlOBPES,419.125
PAK,NomGDPvalch,GlOBPES,-159.046875
PHL,NomGDPvalch,GlOBPES,-36.75
POL,NomGDPvalch,GlOBPES,507.4375
R_S_Asia,NomGDPvalch,GlOBPES,-78.015625
R_SE_Asia,NomGDPvalch,GlOBPES,-78.875
Russia,NomGDPvalch,GlOBPES,2497
S_o_Amer,NomGDPvalch,GlOBPES,223.125
S_S_AFR,NomGDPvalch,GlOBPES,2242.25
TUR,NomGDPvalch,GlOBPES,-195.5
USA,NomGDPvalch,GlOBPES,-13964
VNM,NomGDPvalch,GlOBPES,35.875
XAC,NomGDPvalch,GlOBPES,3114.375
ZAF,NomGDPvalch,GlOBPES,9.59375
World,NomGDPvalch,GlOBPES,-2271.5136719
ARG,GDPpct,NATPES,0.029144655913
BGD,GDPpct,NATPES,-0.057751502842
BRAZIL,GDPpct,NATPES,9.37966629862785E-0003
C_C_Amer,GDPpct,NATPES,0.024872653186
CAN,GDPpct,NATPES,-3.90204600989819E-0003
CHIHKG,GDPpct,NATPES,0.02895606868
COL,GDPpct,NATPES,0.012721234001
E_Asia,GDPpct,NATPES,8.04492551833391E-0003
EGY,GDPpct,NATPES,0.2632124722
ETH,GDPpct,NATPES,0.037401691079
EU27,GDPpct,NATPES,6.05178764089942E-0003
IDN,GDPpct,NATPES,0.038861330599
INDIA,GDPpct,NATPES,0.059101972729
JAPAN,GDPpct,NATPES,6.13865023478866E-0003
KOR,GDPpct,NATPES,9.35193896293640E-0003
MAR,GDPpct,NATPES,0.070193484426
MDG,GDPpct,NATPES,0.081679925323
MEAS_NAfr,GDPpct,NATPES,0.065311767161
MEX,GDPpct,NATPES,-2.52961972728372E-0003
MYS,GDPpct,NATPES,-0.059090379626
NGA,GDPpct,NATPES,-0.011388038285
Oceania,GDPpct,NATPES,8.69514513760805E-0003
Oth_CEE_CIS,GDPpct,NATPES,0.033821843565
Oth_Europe,GDPpct,NATPES,3.88413085602224E-0003
PAK,GDPpct,NATPES,-0.038850273937
PHL,GDPpct,NATPES,0.028437908739
POL,GDPpct,NATPES,0.081533804536
R_S_Asia,GDPpct,NATPES,0.016401063651
R_SE_Asia,GDPpct,NATPES,7.27846706286073E-0003
Russia,GDPpct,NATPES,0.015551341698
S_o_Amer,GDPpct,NATPES,0.032054048032
S_S_AFR,GDPpct,NATPES,-0.04595227167
TUR,GDPpct,NATPES,0.012887733988
USA,GDPpct,NATPES,9.99173149466515E-0003
VNM,GDPpct,NATPES,6.42686197534204E-0003
XAC,GDPpct,NATPES,0.032526724041
ZAF,GDPpct,NATPES,-3.21014970541000E-0003
World,GDPpct,NATPES,0.017669335008
ARG,RealGDPvalch,NATPES,194.94871521
BGD,RealGDPvalch,NATPES,-173.47354126
BRAZIL,RealGDPvalch,NATPES,297.03292847
C_C_Amer,RealGDPvalch,NATPES,181.47940063
CAN,RealGDPvalch,NATPES,-102.09240723
CHIHKG,RealGDPvalch,NATPES,5485.1503906
COL,RealGDPvalch,NATPES,71.77684021
E_Asia,RealGDPvalch,NATPES,13.295919418
EGY,RealGDPvalch,NATPES,1430.2104492
ETH,RealGDPvalch,NATPES,36.72568512
EU27,RealGDPvalch,NATPES,1181.5754395
IDN,RealGDPvalch,NATPES,450.64004517
INDIA,RealGDPvalch,NATPES,1667.0070801
JAPAN,RealGDPvalch,NATPES,269.73434448
KOR,RealGDPvalch,NATPES,161.60548401
MAR,RealGDPvalch,NATPES,103.52276611
MDG,RealGDPvalch,NATPES,15.272301674
MEAS_NAfr,RealGDPvalch,NATPES,3101.5698242
MEX,RealGDPvalch,NATPES,-41.3411026
MYS,RealGDPvalch,NATPES,-288.72555542
NGA,RealGDPvalch,NATPES,-177.97677612
Oceania,RealGDPvalch,NATPES,259.64120483
Oth_CEE_CIS,RealGDPvalch,NATPES,497.28460693
Oth_Europe,RealGDPvalch,NATPES,60.542598724
PAK,RealGDPvalch,NATPES,-100.29960632
PHL,RealGDPvalch,NATPES,140.5834198
POL,RealGDPvalch,NATPES,609.07507324
R_S_Asia,RealGDPvalch,NATPES,30.523469925
R_SE_Asia,RealGDPvalch,NATPES,70.603530884
Russia,RealGDPvalch,NATPES,569.91326904
S_o_Amer,RealGDPvalch,NATPES,555.13323975
S_S_AFR,RealGDPvalch,NATPES,-527.72497559
TUR,RealGDPvalch,NATPES,145.50428772
USA,RealGDPvalch,NATPES,2045.5526123
VNM,RealGDPvalch,NATPES,21.158618927
XAC,RealGDPvalch,NATPES,161.12442017
ZAF,RealGDPvalch,NATPES,-15.30861187
World,RealGDPvalch,NATPES,18401.246094
ARG,NomGDPvalch,NATPES,-89.6875
BGD,NomGDPvalch,NATPES,86.4375
BRAZIL,NomGDPvalch,NATPES,-2498
C_C_Amer,NomGDPvalch,NATPES,-217.8125
CAN,NomGDPvalch,NATPES,-273.5
CHIHKG,NomGDPvalch,NATPES,4410
COL,NomGDPvalch,NATPES,367.8125
E_Asia,NomGDPvalch,NATPES,51.34375
EGY,NomGDPvalch,NATPES,752.0625
ETH,NomGDPvalch,NATPES,-451.953125
EU27,NomGDPvalch,NATPES,616
IDN,NomGDPvalch,NATPES,1126.875
INDIA,NomGDPvalch,NATPES,-1394.25
JAPAN,NomGDPvalch,NATPES,-389.5
KOR,NomGDPvalch,NATPES,-708.375
MAR,NomGDPvalch,NATPES,-328.703125
MDG,NomGDPvalch,NATPES,-9.95703125
MEAS_NAfr,NomGDPvalch,NATPES,3031
MEX,NomGDPvalch,NATPES,-430.375
MYS,NomGDPvalch,NATPES,-281.15625
NGA,NomGDPvalch,NATPES,1627.375
Oceania,NomGDPvalch,NATPES,665.25
Oth_CEE_CIS,NomGDPvalch,NATPES,-227.75
Oth_Europe,NomGDPvalch,NATPES,582.25
PAK,NomGDPvalch,NATPES,-326.578125
PHL,NomGDPvalch,NATPES,-76.75
POL,NomGDPvalch,NATPES,512.5
R_S_Asia,NomGDPvalch,NATPES,-116.40625
R_SE_Asia,NomGDPvalch,NATPES,-301.5
Russia,NomGDPvalch,NATPES,2827.5
S_o_Amer,NomGDPvalch,NATPES,178.75
S_S_AFR,NomGDPvalch,NATPES,-1117.125
TUR,NomGDPvalch,NATPES,-274.125
USA,NomGDPvalch,NATPES,-626
VNM,NomGDPvalch,NATPES,60.4375
XAC,NomGDPvalch,NATPES,78.53125
ZAF,NomGDPvalch,NATPES,-226.84375
World,NomGDPvalch,NATPES,6607.7773437
ARG,GDPpct,SRLand,0.032156206667
BGD,GDPpct,SRLand,-0.062781967223
BRAZIL,GDPpct,SRLand,0.014043070376
C_C_Amer,GDPpct,SRLand,0.046769239008
CAN,GDPpct,SRLand,-6.10857456922531E-0003
CHIHKG,GDPpct,SRLand,0.030011894181
COL,GDPpct,SRLand,0.012717834674
E_Asia,GDPpct,SRLand,7.61123513802886E-0003
EGY,GDPpct,SRLand,0.26506993175
ETH,GDPpct,SRLand,0.038408629596
EU27,GDPpct,SRLand,9.69716906547546E-0003
IDN,GDPpct,SRLand,0.06575410068
INDIA,GDPpct,SRLand,0.082684583962
JAPAN,GDPpct,SRLand,0.014841889963
KOR,GDPpct,SRLand,0.015840176493
MAR,GDPpct,SRLand,0.071966379881
MDG,GDPpct,SRLand,0.073980160058
MEAS_NAfr,GDPpct,SRLand,0.073004946113
MEX,GDPpct,SRLand,0.010370839387
MYS,GDPpct,SRLand,0.027235563844
NGA,GDPpct,SRLand,-0.016353137791
Oceania,GDPpct,SRLand,8.31303372979164E-0003
Oth_CEE_CIS,GDPpct,SRLand,0.054350588471
Oth_Europe,GDPpct,SRLand,0.058913324028
PAK,GDPpct,SRLand,-0.01191846095
PHL,GDPpct,SRLand,0.035998038948
POL,GDPpct,SRLand,0.078757822514
R_S_Asia,GDPpct,SRLand,0.22241973877
R_SE_Asia,GDPpct,SRLand,0.010799111798
Russia,GDPpct,SRLand,0.015980919823
S_o_Amer,GDPpct,SRLand,0.032898847014
S_S_AFR,GDPpct,SRLand,-9.13022086024284E-0003
TUR,GDPpct,SRLand,0.014220009558
USA,GDPpct,SRLand,0.012632329948
VNM,GDPpct,SRLand,1.18576840031892E-0003
XAC,GDPpct,SRLand,0.014200268313
ZAF,GDPpct,SRLand,-3.44114401377738E-0003
World,GDPpct,SRLand,0.02354744263
ARG,RealGDPvalch,SRLand,215.0929718
BGD,RealGDPvalch,SRLand,-188.58399963
BRAZIL,RealGDPvalch,SRLand,444.71243286
C_C_Amer,RealGDPvalch,SRLand,341.24438477
CAN,RealGDPvalch,SRLand,-159.8236084
CHIHKG,RealGDPvalch,SRLand,5685.1552734
COL,RealGDPvalch,SRLand,71.757659912
E_Asia,RealGDPvalch,SRLand,12.579155922
EGY,RealGDPvalch,SRLand,1440.3032227
ETH,RealGDPvalch,SRLand,37.714424133
EU27,RealGDPvalch,SRLand,1893.3144531
IDN,RealGDPvalch,SRLand,762.49133301
INDIA,RealGDPvalch,SRLand,2332.1689453
JAPAN,RealGDPvalch,SRLand,652.15759277
KOR,RealGDPvalch,SRLand,273.72497559
MAR,RealGDPvalch,SRLand,106.13746643
MDG,RealGDPvalch,SRLand,13.832619667
MEAS_NAfr,RealGDPvalch,SRLand,3466.9089355
MEX,RealGDPvalch,SRLand,169.48867798
MYS,RealGDPvalch,SRLand,133.07754517
NGA,RealGDPvalch,SRLand,-255.57331848
Oceania,RealGDPvalch,SRLand,248.23118591
Oth_CEE_CIS,RealGDPvalch,SRLand,799.11993408
Oth_Europe,RealGDPvalch,SRLand,918.29187012
PAK,RealGDPvalch,SRLand,-30.769845963
PHL,RealGDPvalch,SRLand,177.95709229
POL,RealGDPvalch,SRLand,588.33795166
R_S_Asia,RealGDPvalch,SRLand,413.93792725
R_SE_Asia,RealGDPvalch,SRLand,104.75494385
Russia,RealGDPvalch,SRLand,585.65606689
S_o_Amer,RealGDPvalch,SRLand,569.76403809
S_S_AFR,RealGDPvalch,SRLand,-104.85325623
TUR,RealGDPvalch,SRLand,160.54586792
USA,RealGDPvalch,SRLand,2586.1479492
VNM,RealGDPvalch,SRLand,3.9038059711
XAC,RealGDPvalch,SRLand,70.342468262
ZAF,RealGDPvalch,SRLand,-16.410181046
World,RealGDPvalch,SRLand,24522.839844
ARG,NomGDPvalch,SRLand,1483.5
BGD,NomGDPvalch,SRLand,290.53125
BRAZIL,NomGDPvalch,SRLand,1844.5
C_C_Amer,NomGDPvalch,SRLand,1832.3125
CAN,NomGDPvalch,SRLand,2145.5
CHIHKG,NomGDPvalch,SRLand,25088
COL,NomGDPvalch,SRLand,1203.0625
E_Asia,NomGDPvalch,SRLand,245.125
EGY,NomGDPvalch,SRLand,1369.5625
ETH,NomGDPvalch,SRLand,-160.8671875
EU27,NomGDPvalch,SRLand,22254
IDN,NomGDPvalch,SRLand,2591.125
INDIA,NomGDPvalch,SRLand,2753.25
JAPAN,NomGDPvalch,SRLand,3436.5
KOR,NomGDPvalch,SRLand,1357.875
MAR,NomGDPvalch,SRLand,-106.640625
MDG,NomGDPvalch,SRLand,14.47265625
MEAS_NAfr,NomGDPvalch,SRLand,6902.5
MEX,NomGDPvalch,SRLand,1881.25
MYS,NomGDPvalch,SRLand,639.1875
NGA,NomGDPvalch,SRLand,3004.625
Oceania,NomGDPvalch,SRLand,4804.5
Oth_CEE_CIS,NomGDPvalch,SRLand,579.375
Oth_Europe,NomGDPvalch,SRLand,2091.25
PAK,NomGDPvalch,SRLand,126.875
PHL,NomGDPvalch,SRLand,628.40625
POL,NomGDPvalch,SRLand,1467.4375
R_S_Asia,NomGDPvalch,SRLand,440.359375
R_SE_Asia,NomGDPvalch,SRLand,792.5625
Russia,NomGDPvalch,SRLand,7545
S_o_Amer,NomGDPvalch,SRLand,2606.875
S_S_AFR,NomGDPvalch,SRLand,2000.625
TUR,NomGDPvalch,SRLand,93.375
USA,NomGDPvalch,SRLand,23774
VNM,NomGDPvalch,SRLand,403.53125
XAC,NomGDPvalch,SRLand,692.78125
ZAF,NomGDPvalch,SRLand,420.25
World,NomGDPvalch,SRLand,128536.57812
ARG,GDPpct,SRnD20,0.029424825683
BGD,GDPpct,SRnD20,0.14000253379
BRAZIL,GDPpct,SRnD20,0.023581452668
C_C_Amer,GDPpct,SRnD20,0.30656355619
CAN,GDPpct,SRnD20,2.40523065440357E-0003
CHIHKG,GDPpct,SRnD20,0.1349401474
COL,GDPpct,SRnD20,0.02384952642
E_Asia,GDPpct,SRnD20,0.12170664221
EGY,GDPpct,SRnD20,0.42798453569
ETH,GDPpct,SRnD20,0.79061704874
EU27,GDPpct,SRnD20,0.019120212644
IDN,GDPpct,SRnD20,0.43304929137
INDIA,GDPpct,SRnD20,0.086397819221
JAPAN,GDPpct,SRnD20,0.01855875738
KOR,GDPpct,SRnD20,0.021239802241
MAR,GDPpct,SRnD20,0.19192171097
MDG,GDPpct,SRnD20,0.11260415614
MEAS_NAfr,GDPpct,SRnD20,0.13510559499
MEX,GDPpct,SRnD20,0.1147044003
MYS,GDPpct,SRnD20,0.13029851019
NGA,GDPpct,SRnD20,0.68377488852
Oceania,GDPpct,SRnD20,0.036748178303
Oth_CEE_CIS,GDPpct,SRnD20,0.20084039867
Oth_Europe,GDPpct,SRnD20,0.08133212477
PAK,GDPpct,SRnD20,0.21485435963
PHL,GDPpct,SRnD20,0.28007480502
POL,GDPpct,SRnD20,0.14129428566
R_S_Asia,GDPpct,SRnD20,0.34013238549
R_SE_Asia,GDPpct,SRnD20,0.22408558428
Russia,GDPpct,SRnD20,0.062155906111
S_o_Amer,GDPpct,SRnD20,0.059650357813
S_S_AFR,GDPpct,SRnD20,0.30514708161
TUR,GDPpct,SRnD20,0.094853870571
USA,GDPpct,SRnD20,9.22256801277399E-0003
VNM,GDPpct,SRnD20,0.32884722948
XAC,GDPpct,SRnD20,0.099184654653
ZAF,GDPpct,SRnD20,-7.60765559971333E-0003
World,GDPpct,SRnD20,0.083910629153
ARG,RealGDPvalch,SRnD20,196.82276917
BGD,RealGDPvalch,SRnD20,420.5385437
BRAZIL,RealGDPvalch,SRnD20,746.77154541
C_C_Amer,RealGDPvalch,SRnD20,2236.7927246
CAN,RealGDPvalch,SRnD20,62.930007935
CHIHKG,RealGDPvalch,SRnD20,25561.722656
COL,RealGDPvalch,SRnD20,134.56585693
E_Asia,RealGDPvalch,SRnD20,201.14564514
EGY,RealGDPvalch,SRnD20,2325.527832
ETH,RealGDPvalch,SRnD20,776.32727051
EU27,RealGDPvalch,SRnD20,3733.1074219
IDN,RealGDPvalch,SRnD20,5021.6845703
INDIA,RealGDPvalch,SRnD20,2436.902832
JAPAN,RealGDPvalch,SRnD20,815.47802734
KOR,RealGDPvalch,SRnD20,367.0328064
MAR,RealGDPvalch,SRnD20,283.04998779
MDG,RealGDPvalch,SRnD20,21.054433823
MEAS_NAfr,RealGDPvalch,SRnD20,6415.9868164
MEX,RealGDPvalch,SRnD20,1874.5925293
MYS,RealGDPvalch,SRnD20,636.66046143
NGA,RealGDPvalch,SRnD20,10686.304688
Oceania,RealGDPvalch,SRnD20,1097.3182373
Oth_CEE_CIS,RealGDPvalch,SRnD20,2952.9682617
Oth_Europe,RealGDPvalch,SRnD20,1267.7374268
PAK,RealGDPvalch,SRnD20,554.68865967
PHL,RealGDPvalch,SRnD20,1384.5559082
POL,RealGDPvalch,SRnD20,1055.4987793
R_S_Asia,RealGDPvalch,SRnD20,633.0090332
R_SE_Asia,RealGDPvalch,SRnD20,2173.7041016
Russia,RealGDPvalch,SRnD20,2277.840332
S_o_Amer,RealGDPvalch,SRnD20,1033.0643311
S_S_AFR,RealGDPvalch,SRnD20,3504.3691406
TUR,RealGDPvalch,SRnD20,1070.913208
USA,RealGDPvalch,SRnD20,1888.0860596
VNM,RealGDPvalch,SRnD20,1082.6362305
XAC,RealGDPvalch,SRnD20,491.32125854
ZAF,RealGDPvalch,SRnD20,-36.279506683
World,RealGDPvalch,SRnD20,87386.429687
ARG,NomGDPvalch,SRnD20,-1007.1875
BGD,NomGDPvalch,SRnD20,550.8125
BRAZIL,NomGDPvalch,SRnD20,-3452.75
C_C_Amer,NomGDPvalch,SRnD20,2263.625
CAN,NomGDPvalch,SRnD20,3338.5
CHIHKG,NomGDPvalch,SRnD20,43460
COL,NomGDPvalch,SRnD20,1604.9375
E_Asia,NomGDPvalch,SRnD20,213.640625
EGY,NomGDPvalch,SRnD20,1525.125
ETH,NomGDPvalch,SRnD20,-1345.171875
EU27,NomGDPvalch,SRnD20,24326
IDN,NomGDPvalch,SRnD20,5748.125
INDIA,NomGDPvalch,SRnD20,-4647
JAPAN,NomGDPvalch,SRnD20,3858
KOR,NomGDPvalch,SRnD20,881.5
MAR,NomGDPvalch,SRnD20,151.546875
MDG,NomGDPvalch,SRnD20,-6.3203125
MEAS_NAfr,NomGDPvalch,SRnD20,18132.5
MEX,NomGDPvalch,SRnD20,3172.625
MYS,NomGDPvalch,SRnD20,953.71875
NGA,NomGDPvalch,SRnD20,-4843.125
Oceania,NomGDPvalch,SRnD20,6841.25
Oth_CEE_CIS,NomGDPvalch,SRnD20,1240.625
Oth_Europe,NomGDPvalch,SRnD20,4153.75
PAK,NomGDPvalch,SRnD20,517.8125
PHL,NomGDPvalch,SRnD20,825.125
POL,NomGDPvalch,SRnD20,1650.8125
R_S_Asia,NomGDPvalch,SRnD20,360.9375
R_SE_Asia,NomGDPvalch,SRnD20,1258.6875
Russia,NomGDPvalch,SRnD20,14689
S_o_Amer,NomGDPvalch,SRnD20,2292.375
S_S_AFR,NomGDPvalch,SRnD20,337.625
TUR,NomGDPvalch,SRnD20,-37.625
USA,NomGDPvalch,SRnD20,20598
VNM,NomGDPvalch,SRnD20,957.28125
XAC,NomGDPvalch,SRnD20,2401
ZAF,NomGDPvalch,SRnD20,26.53125
World,NomGDPvalch,SRnD20,152992.28125
ARG,GDPpct,GPESSRRnD20,0.031793825328
BGD,GDPpct,GPESSRRnD20,0.13409414887
BRAZIL,GDPpct,GPESSRRnD20,0.02412721701
C_C_Amer,GDPpct,GPESSRRnD20,0.30739325285
CAN,GDPpct,GPESSRRnD20,-1.83978781569749E-0003
CHIHKG,GDPpct,GPESSRRnD20,0.13477924466
COL,GDPpct,GPESSRRnD20,0.024031193927
E_Asia,GDPpct,GPESSRRnD20,0.10080744326
EGY,GDPpct,GPESSRRnD20,0.43320286274
ETH,GDPpct,GPESSRRnD20,0.79233849049
EU27,GDPpct,GPESSRRnD20,0.01297798939
IDN,GDPpct,GPESSRRnD20,0.14477439225
INDIA,GDPpct,GPESSRRnD20,0.076929971576
JAPAN,GDPpct,GPESSRRnD20,0.017079349607
KOR,GDPpct,GPESSRRnD20,0.018378617242
MAR,GDPpct,GPESSRRnD20,0.19094565511
MDG,GDPpct,GPESSRRnD20,0.11008907109
MEAS_NAfr,GDPpct,GPESSRRnD20,0.13135753572
MEX,GDPpct,GPESSRRnD20,0.10763648897
MYS,GDPpct,GPESSRRnD20,0.064884476364
NGA,GDPpct,GPESSRRnD20,0.68252128363
Oceania,GDPpct,GPESSRRnD20,0.032733011991
Oth_CEE_CIS,GDPpct,GPESSRRnD20,0.200543046
Oth_Europe,GDPpct,GPESSRRnD20,0.080443792045
PAK,GDPpct,GPESSRRnD20,0.2116715014
PHL,GDPpct,GPESSRRnD20,0.28106707335
POL,GDPpct,GPESSRRnD20,0.14195494354
R_S_Asia,GDPpct,GPESSRRnD20,0.33678081632
R_SE_Asia,GDPpct,GPESSRRnD20,0.21788151562
Russia,GDPpct,GPESSRRnD20,0.060315527022
S_o_Amer,GDPpct,GPESSRRnD20,0.059878069907
S_S_AFR,GDPpct,GPESSRRnD20,0.24372363091
TUR,GDPpct,GPESSRRnD20,0.093976326287
USA,GDPpct,GPESSRRnD20,4.52679116278887E-0003
VNM,GDPpct,GPESSRRnD20,0.32989388704
XAC,GDPpct,GPESSRRnD20,0.062919639051
ZAF,GDPpct,GPESSRRnD20,-0.014238860458
World,GDPpct,GPESSRRnD20,0.076389499009
ARG,RealGDPvalch,GPESSRRnD20,212.66900635
BGD,RealGDPvalch,GPESSRRnD20,402.79101563
BRAZIL,RealGDPvalch,GPESSRRnD20,764.0546875
C_C_Amer,RealGDPvalch,GPESSRRnD20,2242.8464355
CAN,RealGDPvalch,GPESSRRnD20,-48.135864258
CHIHKG,RealGDPvalch,GPESSRRnD20,25531.244141
COL,RealGDPvalch,GPESSRRnD20,135.59088135
E_Asia,RealGDPvalch,GPESSRRnD20,166.60534668
EGY,RealGDPvalch,GPESSRRnD20,2353.8825684
ETH,RealGDPvalch,GPESSRRnD20,778.01763916
EU27,RealGDPvalch,GPESSRRnD20,2533.875
IDN,RealGDPvalch,GPESSRRnD20,1678.8189697
INDIA,RealGDPvalch,GPESSRRnD20,2169.8564453
JAPAN,RealGDPvalch,GPESSRRnD20,750.47235107
KOR,RealGDPvalch,GPESSRRnD20,317.59033203
MAR,RealGDPvalch,GPESSRRnD20,281.61050415
MDG,RealGDPvalch,GPESSRRnD20,20.584169388
MEAS_NAfr,RealGDPvalch,GPESSRRnD20,6237.996582
MEX,RealGDPvalch,GPESSRRnD20,1759.0830078
MYS,RealGDPvalch,GPESSRRnD20,317.03646851
NGA,RealGDPvalch,GPESSRRnD20,10666.712891
Oceania,RealGDPvalch,GPESSRRnD20,977.42340088
Oth_CEE_CIS,RealGDPvalch,GPESSRRnD20,2948.5964355
Oth_Europe,RealGDPvalch,GPESSRRnD20,1253.8908691
PAK,RealGDPvalch,GPESSRRnD20,546.47155762
PHL,RealGDPvalch,GPESSRRnD20,1389.4611816
POL,RealGDPvalch,GPESSRRnD20,1060.434082
R_S_Asia,RealGDPvalch,GPESSRRnD20,626.77154541
R_SE_Asia,RealGDPvalch,GPESSRRnD20,2113.5227051
Russia,RealGDPvalch,GPESSRRnD20,2210.395752
S_o_Amer,RealGDPvalch,GPESSRRnD20,1037.0080566
S_S_AFR,RealGDPvalch,GPESSRRnD20,2798.9702148
TUR,RealGDPvalch,GPESSRRnD20,1061.0056152
USA,RealGDPvalch,GPESSRRnD20,926.74523926
VNM,RealGDPvalch,GPESSRRnD20,1086.0820312
XAC,RealGDPvalch,GPESSRRnD20,311.67883301
ZAF,RealGDPvalch,GPESSRRnD20,-67.902496338
World,RealGDPvalch,GPESSRRnD20,79553.757812
ARG,NomGDPvalch,GPESSRRnD20,-271.1875
BGD,NomGDPvalch,GPESSRRnD20,518.65625
BRAZIL,NomGDPvalch,GPESSRRnD20,-1554.5
C_C_Amer,NomGDPvalch,GPESSRRnD20,2509.1875
CAN,NomGDPvalch,GPESSRRnD20,1275.5
CHIHKG,NomGDPvalch,GPESSRRnD20,43040
COL,NomGDPvalch,GPESSRRnD20,1644.75
E_Asia,NomGDPvalch,GPESSRRnD20,240.421875
EGY,NomGDPvalch,GPESSRRnD20,1608.9375
ETH,NomGDPvalch,GPESSRRnD20,-1147.3828125
EU27,NomGDPvalch,GPESSRRnD20,16122
IDN,NomGDPvalch,GPESSRRnD20,11524.25
INDIA,NomGDPvalch,GPESSRRnD20,-2638.75
JAPAN,NomGDPvalch,GPESSRRnD20,2188
KOR,NomGDPvalch,GPESSRRnD20,798.25
MAR,NomGDPvalch,GPESSRRnD20,232.40625
MDG,NomGDPvalch,GPESSRRnD20,12.849609375
MEAS_NAfr,NomGDPvalch,GPESSRRnD20,16147.5
MEX,NomGDPvalch,GPESSRRnD20,3501
MYS,NomGDPvalch,GPESSRRnD20,1005.9375
NGA,NomGDPvalch,GPESSRRnD20,-5432
Oceania,NomGDPvalch,GPESSRRnD20,4601
Oth_CEE_CIS,NomGDPvalch,GPESSRRnD20,1558.125
Oth_Europe,NomGDPvalch,GPESSRRnD20,3782.875
PAK,NomGDPvalch,GPESSRRnD20,630.546875
PHL,NomGDPvalch,GPESSRRnD20,879.6875
POL,NomGDPvalch,GPESSRRnD20,1670.125
R_S_Asia,NomGDPvalch,GPESSRRnD20,429.859375
R_SE_Asia,NomGDPvalch,GPESSRRnD20,1506.375
Russia,NomGDPvalch,GPESSRRnD20,13868.5
S_o_Amer,NomGDPvalch,GPESSRRnD20,2669.375
S_S_AFR,NomGDPvalch,GPESSRRnD20,4007.5
TUR,NomGDPvalch,GPESSRRnD20,56.375
USA,NomGDPvalch,GPESSRRnD20,4480
VNM,NomGDPvalch,GPESSRRnD20,938.5
XAC,NomGDPvalch,GPESSRRnD20,5271
ZAF,NomGDPvalch,GPESSRRnD20,335.34375
World,NomGDPvalch,GPESSRRnD20,138011.01563
ARG,GDPpct,BAU_aESRigid,8.26768204569817E-0003
BGD,GDPpct,BAU_aESRigid,-2.1576120853
BRAZIL,GDPpct,BAU_aESRigid,-0.046750158072
C_C_Amer,GDPpct,BAU_aESRigid,-0.18794743717
CAN,GDPpct,BAU_aESRigid,6.20549311861396E-0003
CHIHKG,GDPpct,BAU_aESRigid,-0.30261421204
COL,GDPpct,BAU_aESRigid,0.054356936365
E_Asia,GDPpct,BAU_aESRigid,0.012046795338
EGY,GDPpct,BAU_aESRigid,-0.564891994
ETH,GDPpct,BAU_aESRigid,-0.3299177587
EU27,GDPpct,BAU_aESRigid,-3.98112274706364E-0003
IDN,GDPpct,BAU_aESRigid,-0.33856758475
INDIA,GDPpct,BAU_aESRigid,-0.19337895513
JAPAN,GDPpct,BAU_aESRigid,-0.042910955846
KOR,GDPpct,BAU_aESRigid,-0.12638171017
MAR,GDPpct,BAU_aESRigid,0.23748533428
MDG,GDPpct,BAU_aESRigid,-1.0677813292
MEAS_NAfr,GDPpct,BAU_aESRigid,0.08531010896
MEX,GDPpct,BAU_aESRigid,2.24425084888935E-0003
MYS,GDPpct,BAU_aESRigid,-0.38122946024
NGA,GDPpct,BAU_aESRigid,-0.077913038433
Oceania,GDPpct,BAU_aESRigid,0.092291273177
Oth_CEE_CIS,GDPpct,BAU_aESRigid,-0.014887488447
Oth_Europe,GDPpct,BAU_aESRigid,-0.064942374825
PAK,GDPpct,BAU_aESRigid,0.1744325757
PHL,GDPpct,BAU_aESRigid,0.25536885858
POL,GDPpct,BAU_aESRigid,-0.096668452024
R_S_Asia,GDPpct,BAU_aESRigid,-0.53057992458
R_SE_Asia,GDPpct,BAU_aESRigid,-0.17242872715
Russia,GDPpct,BAU_aESRigid,0.062684163451
S_o_Amer,GDPpct,BAU_aESRigid,-0.064026728272
S_S_AFR,GDPpct,BAU_aESRigid,0.039457216859
TUR,GDPpct,BAU_aESRigid,-0.079230353236
USA,GDPpct,BAU_aESRigid,-8.47939588129520E-0003
VNM,GDPpct,BAU_aESRigid,-0.09204223007
XAC,GDPpct,BAU_aESRigid,1.2308709621
ZAF,GDPpct,BAU_aESRigid,-0.016876010224
World,GDPpct,BAU_aESRigid,-0.075411863625
ARG,RealGDPvalch,BAU_aESRigid,55.399837494
BGD,RealGDPvalch,BAU_aESRigid,-6263.5717773
BRAZIL,RealGDPvalch,BAU_aESRigid,-1480.5577393
C_C_Amer,RealGDPvalch,BAU_aESRigid,-1379.7218018
CAN,RealGDPvalch,BAU_aESRigid,161.4230957
CHIHKG,RealGDPvalch,BAU_aESRigid,-57590.109375
COL,RealGDPvalch,BAU_aESRigid,303.27276611
E_Asia,RealGDPvalch,BAU_aESRigid,19.862482071
EGY,RealGDPvalch,BAU_aESRigid,-3082.670166
ETH,RealGDPvalch,BAU_aESRigid,-318.56643677
EU27,RealGDPvalch,BAU_aESRigid,-778.66833496
IDN,RealGDPvalch,BAU_aESRigid,-3941.9833984
INDIA,RealGDPvalch,BAU_aESRigid,-5526.184082
JAPAN,RealGDPvalch,BAU_aESRigid,-1897.1444092
KOR,RealGDPvalch,BAU_aESRigid,-2203.8442383
MAR,RealGDPvalch,BAU_aESRigid,351.1328125
MDG,RealGDPvalch,BAU_aESRigid,-198.6408844
MEAS_NAfr,RealGDPvalch,BAU_aESRigid,3988.0847168
MEX,RealGDPvalch,BAU_aESRigid,36.605636597
MYS,RealGDPvalch,BAU_aESRigid,-1860.791748
NGA,RealGDPvalch,BAU_aESRigid,-1201.3596191
Oceania,RealGDPvalch,BAU_aESRigid,2719.9987793
Oth_CEE_CIS,RealGDPvalch,BAU_aESRigid,-217.89337158
Oth_Europe,RealGDPvalch,BAU_aESRigid,-1007.7432251
PAK,RealGDPvalch,BAU_aESRigid,451.11010742
PHL,RealGDPvalch,BAU_aESRigid,1261.5773926
POL,RealGDPvalch,BAU_aESRigid,-724.98132324
R_S_Asia,RealGDPvalch,BAU_aESRigid,-991.0960083
R_SE_Asia,RealGDPvalch,BAU_aESRigid,-1684.9541016
Russia,RealGDPvalch,BAU_aESRigid,2261.9279785
S_o_Amer,RealGDPvalch,BAU_aESRigid,-1103.0836182
S_S_AFR,RealGDPvalch,BAU_aESRigid,450.32589722
TUR,RealGDPvalch,BAU_aESRigid,-899.12597656
USA,RealGDPvalch,BAU_aESRigid,-1737.1689453
VNM,RealGDPvalch,BAU_aESRigid,-301.55718994
XAC,RealGDPvalch,BAU_aESRigid,5896.9589844
ZAF,RealGDPvalch,BAU_aESRigid,-80.433052063
World,RealGDPvalch,BAU_aESRigid,-78514.171875
ARG,NomGDPvalch,BAU_aESRigid,-1829.375
BGD,NomGDPvalch,BAU_aESRigid,14135.6875
BRAZIL,NomGDPvalch,BAU_aESRigid,263.5
C_C_Amer,NomGDPvalch,BAU_aESRigid,-5197.4375
CAN,NomGDPvalch,BAU_aESRigid,18294
CHIHKG,NomGDPvalch,BAU_aESRigid,-105066
COL,NomGDPvalch,BAU_aESRigid,7853.6875
E_Asia,NomGDPvalch,BAU_aESRigid,530.234375
EGY,NomGDPvalch,BAU_aESRigid,-1517.125
ETH,NomGDPvalch,BAU_aESRigid,2590.203125
EU27,NomGDPvalch,BAU_aESRigid,-48802
IDN,NomGDPvalch,BAU_aESRigid,-7901.625
INDIA,NomGDPvalch,BAU_aESRigid,-47926.75
JAPAN,NomGDPvalch,BAU_aESRigid,-35198.5
KOR,NomGDPvalch,BAU_aESRigid,-19921.5
MAR,NomGDPvalch,BAU_aESRigid,-753.1875
MDG,NomGDPvalch,BAU_aESRigid,180.70117188
MEAS_NAfr,NomGDPvalch,BAU_aESRigid,91742.5
MEX,NomGDPvalch,BAU_aESRigid,3643.875
MYS,NomGDPvalch,BAU_aESRigid,1162.65625
NGA,NomGDPvalch,BAU_aESRigid,30927.625
Oceania,NomGDPvalch,BAU_aESRigid,53167.25
Oth_CEE_CIS,NomGDPvalch,BAU_aESRigid,8656.5
Oth_Europe,NomGDPvalch,BAU_aESRigid,9278.875
PAK,NomGDPvalch,BAU_aESRigid,-934.703125
PHL,NomGDPvalch,BAU_aESRigid,-1015.46875
POL,NomGDPvalch,BAU_aESRigid,-3580.25
R_S_Asia,NomGDPvalch,BAU_aESRigid,-140.859375
R_SE_Asia,NomGDPvalch,BAU_aESRigid,-8997.5
Russia,NomGDPvalch,BAU_aESRigid,67176
S_o_Amer,NomGDPvalch,BAU_aESRigid,12574.75
S_S_AFR,NomGDPvalch,BAU_aESRigid,10329.5
TUR,NomGDPvalch,BAU_aESRigid,-7577.75
USA,NomGDPvalch,BAU_aESRigid,-22408
VNM,NomGDPvalch,BAU_aESRigid,2044.875
XAC,NomGDPvalch,BAU_aESRigid,18126.28125
ZAF,NomGDPvalch,BAU_aESRigid,444.875
World,NomGDPvalch,BAU_aESRigid,34355.546875
ARG,GDPpct,BAU_aECOLLPS,-2.4515075684
BGD,GDPpct,BAU_aECOLLPS,-15.437130928
BRAZIL,GDPpct,BAU_aECOLLPS,-3.6735727787
C_C_Amer,GDPpct,BAU_aECOLLPS,-2.5251114368
CAN,GDPpct,BAU_aECOLLPS,-0.6195088625
CHIHKG,GDPpct,BAU_aECOLLPS,-3.1422388554
COL,GDPpct,BAU_aECOLLPS,-1.8436008692
E_Asia,GDPpct,BAU_aECOLLPS,-0.21584427357
EGY,GDPpct,BAU_aECOLLPS,-4.1618518829
ETH,GDPpct,BAU_aECOLLPS,-12.395530701
EU27,GDPpct,BAU_aECOLLPS,-0.35538008809
IDN,GDPpct,BAU_aECOLLPS,-6.8281722069
INDIA,GDPpct,BAU_aECOLLPS,-3.9340577126
JAPAN,GDPpct,BAU_aECOLLPS,-0.62992399931
KOR,GDPpct,BAU_aECOLLPS,-1.2146773338
MAR,GDPpct,BAU_aECOLLPS,-2.6140401363
MDG,GDPpct,BAU_aECOLLPS,-157.32687378
MEAS_NAfr,GDPpct,BAU_aECOLLPS,-1.1901353598
MEX,GDPpct,BAU_aECOLLPS,-0.85340380669
MYS,GDPpct,BAU_aECOLLPS,-4.2177619934
NGA,GDPpct,BAU_aECOLLPS,-8.5420866013
Oceania,GDPpct,BAU_aECOLLPS,-0.57681006193
Oth_CEE_CIS,GDPpct,BAU_aECOLLPS,-1.9674984217
Oth_Europe,GDPpct,BAU_aECOLLPS,-1.0761643648
PAK,GDPpct,BAU_aECOLLPS,-13.813931465
PHL,GDPpct,BAU_aECOLLPS,-7.94115448
POL,GDPpct,BAU_aECOLLPS,-0.74236172438
R_S_Asia,GDPpct,BAU_aECOLLPS,-5.1024475098
R_SE_Asia,GDPpct,BAU_aECOLLPS,-3.4817552567
Russia,GDPpct,BAU_aECOLLPS,-0.41649103165
S_o_Amer,GDPpct,BAU_aECOLLPS,-3.3792033195
S_S_AFR,GDPpct,BAU_aECOLLPS,-9.2891149521
TUR,GDPpct,BAU_aECOLLPS,-2.0617301464
USA,GDPpct,BAU_aECOLLPS,-0.43385946751
VNM,GDPpct,BAU_aECOLLPS,-8.6627120972
XAC,GDPpct,BAU_aECOLLPS,-19.465463638
ZAF,GDPpct,BAU_aECOLLPS,-0.26197063923
World,GDPpct,BAU_aECOLLPS,-1.9421157837
ARG,RealGDPvalch,BAU_aECOLLPS,-16426.988281
BGD,RealGDPvalch,BAU_aECOLLPS,-44814.160156
BRAZIL,RealGDPvalch,BAU_aECOLLPS,-116340.5
C_C_Amer,RealGDPvalch,BAU_aECOLLPS,-18536.837891
CAN,RealGDPvalch,BAU_aECOLLPS,-16115.244141
CHIHKG,RealGDPvalch,BAU_aECOLLPS,-597995.3125
COL,RealGDPvalch,BAU_aECOLLPS,-10285.97168
E_Asia,RealGDPvalch,BAU_aECOLLPS,-355.87915039
EGY,RealGDPvalch,BAU_aECOLLPS,-22711.628906
ETH,RealGDPvalch,BAU_aECOLLPS,-11969.042969
EU27,RealGDPvalch,BAU_aECOLLPS,-69508.84375
IDN,RealGDPvalch,BAU_aECOLLPS,-79501.242188
INDIA,RealGDPvalch,BAU_aECOLLPS,-112423.44531
JAPAN,RealGDPvalch,BAU_aECOLLPS,-27849.689453
KOR,RealGDPvalch,BAU_aECOLLPS,-21181.544922
MAR,RealGDPvalch,BAU_aECOLLPS,-3864.9768066
MDG,RealGDPvalch,BAU_aECOLLPS,-29267.744141
MEAS_NAfr,RealGDPvalch,BAU_aECOLLPS,-55636.554688
MEX,RealGDPvalch,BAU_aECOLLPS,-13919.740234
MYS,RealGDPvalch,BAU_aECOLLPS,-20587.015625
NGA,RealGDPvalch,BAU_aECOLLPS,-131712.46875
Oceania,RealGDPvalch,BAU_aECOLLPS,-16999.685547
Oth_CEE_CIS,RealGDPvalch,BAU_aECOLLPS,-28796.320313
Oth_Europe,RealGDPvalch,BAU_aECOLLPS,-16699.378906
PAK,RealGDPvalch,BAU_aECOLLPS,-35725
PHL,RealGDPvalch,BAU_aECOLLPS,-39231.019531
POL,RealGDPvalch,BAU_aECOLLPS,-5567.4667969
R_S_Asia,RealGDPvalch,BAU_aECOLLPS,-9531.109375
R_SE_Asia,RealGDPvalch,BAU_aECOLLPS,-34023.320313
Russia,RealGDPvalch,BAU_aECOLLPS,-15028.879883
S_o_Amer,RealGDPvalch,BAU_aECOLLPS,-58218.558594
S_S_AFR,RealGDPvalch,BAU_aECOLLPS,-106016.82813
TUR,RealGDPvalch,BAU_aECOLLPS,-23397.03125
USA,RealGDPvalch,BAU_aECOLLPS,-88884.539062
VNM,RealGDPvalch,BAU_aECOLLPS,-28381.570313
XAC,RealGDPvalch,BAU_aECOLLPS,-93256.765625
ZAF,RealGDPvalch,BAU_aECOLLPS,-1248.5828857
World,RealGDPvalch,BAU_aECOLLPS,-2022010.875
ARG,NomGDPvalch,BAU_aECOLLPS,23376.875
BGD,NomGDPvalch,BAU_aECOLLPS,28973.8125
BRAZIL,NomGDPvalch,BAU_aECOLLPS,-158955.5
C_C_Amer,NomGDPvalch,BAU_aECOLLPS,1945.25
CAN,NomGDPvalch,BAU_aECOLLPS,42149.25
CHIHKG,NomGDPvalch,BAU_aECOLLPS,-794456
COL,NomGDPvalch,BAU_aECOLLPS,-8367.5
E_Asia,NomGDPvalch,BAU_aECOLLPS,-3760.59375
EGY,NomGDPvalch,BAU_aECOLLPS,-10196.375
ETH,NomGDPvalch,BAU_aECOLLPS,54342.953125
EU27,NomGDPvalch,BAU_aECOLLPS,-236070
IDN,NomGDPvalch,BAU_aECOLLPS,-157796.25
INDIA,NomGDPvalch,BAU_aECOLLPS,12499.75
JAPAN,NomGDPvalch,BAU_aECOLLPS,-157816
KOR,NomGDPvalch,BAU_aECOLLPS,-60691.625
MAR,NomGDPvalch,BAU_aECOLLPS,9818.5625
MDG,NomGDPvalch,BAU_aECOLLPS,368050.5625
MEAS_NAfr,NomGDPvalch,BAU_aECOLLPS,94791.5
MEX,NomGDPvalch,BAU_aECOLLPS,-11381.625
MYS,NomGDPvalch,BAU_aECOLLPS,-36612.3125
NGA,NomGDPvalch,BAU_aECOLLPS,-15632.25
Oceania,NomGDPvalch,BAU_aECOLLPS,121191.75
Oth_CEE_CIS,NomGDPvalch,BAU_aECOLLPS,66017.5
Oth_Europe,NomGDPvalch,BAU_aECOLLPS,-17620
PAK,NomGDPvalch,BAU_aECOLLPS,-36130.34375
PHL,NomGDPvalch,BAU_aECOLLPS,-15160.59375
POL,NomGDPvalch,BAU_aECOLLPS,-11306
R_S_Asia,NomGDPvalch,BAU_aECOLLPS,3211.671875
R_SE_Asia,NomGDPvalch,BAU_aECOLLPS,-46180.0625
Russia,NomGDPvalch,BAU_aECOLLPS,65750
S_o_Amer,NomGDPvalch,BAU_aECOLLPS,-56543.375
S_S_AFR,NomGDPvalch,BAU_aECOLLPS,-3239.5
TUR,NomGDPvalch,BAU_aECOLLPS,-31797
USA,NomGDPvalch,BAU_aECOLLPS,-115104
VNM,NomGDPvalch,BAU_aECOLLPS,-28621.5
XAC,NomGDPvalch,BAU_aECOLLPS,140651.75
ZAF,NomGDPvalch,BAU_aECOLLPS,19183.59375
World,NomGDPvalch,BAU_aECOLLPS,-961483.625
