REGWLD,GDPEX,SCEN,Value
ARG,Household,BAU,13.469269753
BGD,Household,BAU,21.522356033
BRAZIL,Household,BAU,12.252656937
C_C_Amer,Household,BAU,18.924144745
CAN,Household,BAU,13.322591782
CHIHKG,Household,BAU,16.433046341
COL,Household,BAU,9.7239561081
E_Asia,Household,BAU,15.346992493
EGY,Household,BAU,35.708896637
ETH,Household,BAU,17.284179688
EU27,Household,BAU,7.5367898941
IDN,Household,BAU,13.520785332
INDIA,Household,BAU,23.176641464
JAPAN,Household,BAU,5.4107670784
KOR,Household,BAU,11.828004837
MAR,Household,BAU,14.684382439
MDG,Household,BAU,17.640741348
MEAS_NAfr,Household,BAU,10.10263443
MEX,Household,BAU,14.42206955
MYS,Household,BAU,14.171755791
NGA,Household,BAU,38.259784698
Oceania,Household,BAU,14.714752197
Oth_CEE_CIS,Household,BAU,23.152511597
Oth_Europe,Household,BAU,7.8704838753
PAK,Household,BAU,20.406736374
PHL,Household,BAU,30.117630005
POL,Household,BAU,17.712156296
R_S_Asia,Household,BAU,22.953338623
R_SE_Asia,Household,BAU,11.409942627
Russia,Household,BAU,15.349210739
S_o_Amer,Household,BAU,12.733039856
S_S_AFR,Household,BAU,27.284519196
TUR,Household,BAU,22.961158752
USA,Household,BAU,8.9289932251
VNM,Household,BAU,28.743013382
XAC,Household,BAU,32.849861145
ZAF,Household,BAU,15.280303001
World,Household,BAU,10.795381546
ARG,Investment,BAU,5.3277096748
BGD,Investment,BAU,9.1781654358
BRAZIL,Investment,BAU,6.0497431755
C_C_Amer,Investment,BAU,6.3853535652
CAN,Investment,BAU,6.1807761192
CHIHKG,Investment,BAU,18.963758469
COL,Investment,BAU,7.0342516899
E_Asia,Investment,BAU,11.617963791
EGY,Investment,BAU,5.0536737442
ETH,Investment,BAU,12.212022781
EU27,Investment,BAU,4.1915211678
IDN,Investment,BAU,10.486661911
INDIA,Investment,BAU,12.07399559
JAPAN,Investment,BAU,3.8631453514
KOR,Investment,BAU,10.236633301
MAR,Investment,BAU,9.9954986572
MDG,Investment,BAU,2.571893692
MEAS_NAfr,Investment,BAU,8.4294567108
MEX,Investment,BAU,6.5174279213
MYS,Investment,BAU,9.0816020966
NGA,Investment,BAU,6.5417766571
Oceania,Investment,BAU,7.5049233437
Oth_CEE_CIS,Investment,BAU,8.7772903442
Oth_Europe,Investment,BAU,6.7939486504
PAK,Investment,BAU,5.2549681664
PHL,Investment,BAU,8.4528217316
POL,Investment,BAU,6.9677772522
R_S_Asia,Investment,BAU,9.6502313614
R_SE_Asia,Investment,BAU,10.710058212
Russia,Investment,BAU,6.5574855804
S_o_Amer,Investment,BAU,7.6285409927
S_S_AFR,Investment,BAU,8.9737071991
TUR,Investment,BAU,7.6663408279
USA,Investment,BAU,4.4467930794
VNM,Investment,BAU,10.968943596
XAC,Investment,BAU,8.339015007
ZAF,Investment,BAU,6.1373100281
World,Investment,BAU,6.5920724869
ARG,Government,BAU,3.3995862007
BGD,Government,BAU,1.7742254734
BRAZIL,Government,BAU,3.9285054207
C_C_Amer,Government,BAU,4.7021574974
CAN,Government,BAU,4.7572493553
CHIHKG,Government,BAU,6.2710800171
COL,Government,BAU,2.9071865082
E_Asia,Government,BAU,5.5826497078
EGY,Government,BAU,5.9412136078
ETH,Government,BAU,3.1698653698
EU27,Government,BAU,2.7942466736
IDN,Government,BAU,2.7497596741
INDIA,Government,BAU,4.9294362068
JAPAN,Government,BAU,1.8637757301
KOR,Government,BAU,3.686851263
MAR,Government,BAU,5.8065471649
MDG,Government,BAU,2.0967054367
MEAS_NAfr,Government,BAU,4.6131339073
MEX,Government,BAU,2.6615591049
MYS,Government,BAU,3.8207931519
NGA,Government,BAU,6.6540045738
Oceania,Government,BAU,4.6537284851
Oth_CEE_CIS,Government,BAU,6.4384403229
Oth_Europe,Government,BAU,2.4839196205
PAK,Government,BAU,3.7129461765
PHL,Government,BAU,4.8478999138
POL,Government,BAU,5.6773700714
R_S_Asia,Government,BAU,3.5718848705
R_SE_Asia,Government,BAU,4.0212230682
Russia,Government,BAU,5.4052357674
S_o_Amer,Government,BAU,3.2713370323
S_S_AFR,Government,BAU,6.4399347305
TUR,Government,BAU,5.5003967285
USA,Government,BAU,1.7746238708
VNM,Government,BAU,3.1088914871
XAC,Government,BAU,12.803691864
ZAF,Government,BAU,5.4464616776
World,Government,BAU,3.2332472801
ARG,Exports,BAU,2.1022565365
BGD,Exports,BAU,4.2151899338
BRAZIL,Exports,BAU,0.99019813538
C_C_Amer,Exports,BAU,5.565656662
CAN,Exports,BAU,1.951196909
CHIHKG,Exports,BAU,15.351988792
COL,Exports,BAU,-0.30429527164
E_Asia,Exports,BAU,30.494701385
EGY,Exports,BAU,4.4718308449
ETH,Exports,BAU,1.2223931551
EU27,Exports,BAU,2.8394174576
IDN,Exports,BAU,3.3970856667
INDIA,Exports,BAU,10.502706528
JAPAN,Exports,BAU,1.4988436699
KOR,Exports,BAU,10.410810471
MAR,Exports,BAU,5.0330901146
MDG,Exports,BAU,-0.46772509813
MEAS_NAfr,Exports,BAU,3.0014295578
MEX,Exports,BAU,4.2462182045
MYS,Exports,BAU,19.59734726
NGA,Exports,BAU,5.7821121216
Oceania,Exports,BAU,2.1011250019
Oth_CEE_CIS,Exports,BAU,8.1198377609
Oth_Europe,Exports,BAU,1.9534385204
PAK,Exports,BAU,5.0510878563
PHL,Exports,BAU,8.5726451874
POL,Exports,BAU,9.4052000046
R_S_Asia,Exports,BAU,3.3263604641
R_SE_Asia,Exports,BAU,19.707965851
Russia,Exports,BAU,4.5041918755
S_o_Amer,Exports,BAU,1.5329524279
S_S_AFR,Exports,BAU,6.7051091194
TUR,Exports,BAU,7.9320926666
USA,Exports,BAU,0.013935114257
VNM,Exports,BAU,27.319959641
XAC,Exports,BAU,8.3815107346
ZAF,Exports,BAU,6.2999668121
World,Exports,BAU,4.229534626
ARG,IntnlMargins,BAU,0.017063288018
BGD,IntnlMargins,BAU,5.32322628714610E-0005
BRAZIL,IntnlMargins,BAU,0.024667056277
C_C_Amer,IntnlMargins,BAU,0.072814054787
CAN,IntnlMargins,BAU,0.056596718729
CHIHKG,IntnlMargins,BAU,0.163831532
COL,IntnlMargins,BAU,0.022780559957
E_Asia,IntnlMargins,BAU,0.28840148449
EGY,IntnlMargins,BAU,0.071812346578
ETH,IntnlMargins,BAU,0.091763183475
EU27,IntnlMargins,BAU,0.251521945
IDN,IntnlMargins,BAU,2.30974913574755E-0003
INDIA,IntnlMargins,BAU,0.18798922002
JAPAN,IntnlMargins,BAU,0.23433747888
KOR,IntnlMargins,BAU,0.68944358826
MAR,IntnlMargins,BAU,0.19294090569
MDG,IntnlMargins,BAU,0.016575787216
MEAS_NAfr,IntnlMargins,BAU,0.12785631418
MEX,IntnlMargins,BAU,0.012640120462
MYS,IntnlMargins,BAU,0.300260216
NGA,IntnlMargins,BAU,0.044464942068
Oceania,IntnlMargins,BAU,0.023937180638
Oth_CEE_CIS,IntnlMargins,BAU,0.39515098929
Oth_Europe,IntnlMargins,BAU,0.3356872797
PAK,IntnlMargins,BAU,0.039950568229
PHL,IntnlMargins,BAU,0.083349242806
POL,IntnlMargins,BAU,0.45624911785
R_S_Asia,IntnlMargins,BAU,0.088145047426
R_SE_Asia,IntnlMargins,BAU,1.66520679
Russia,IntnlMargins,BAU,0.069397687912
S_o_Amer,IntnlMargins,BAU,0.10025068372
S_S_AFR,IntnlMargins,BAU,0.12236618996
TUR,IntnlMargins,BAU,0.13742090762
USA,IntnlMargins,BAU,0.029225535691
VNM,IntnlMargins,BAU,0.11436911672
XAC,IntnlMargins,BAU,5.35214785486460E-0003
ZAF,IntnlMargins,BAU,6.89607625827193E-0003
World,IntnlMargins,BAU,0.15029729903
ARG,Imports,BAU,-3.0535182953
BGD,Imports,BAU,-5.9060082436
BRAZIL,Imports,BAU,-3.4008507729
C_C_Amer,Imports,BAU,-8.1077508926
CAN,Imports,BAU,-4.7672243118
CHIHKG,Imports,BAU,-5.9421815872
COL,Imports,BAU,-4.7892456055
E_Asia,Imports,BAU,-15.606245041
EGY,Imports,BAU,-8.5121135712
ETH,Imports,BAU,-4.7312755585
EU27,Imports,BAU,-4.1470909119
IDN,Imports,BAU,-6.6947212219
INDIA,Imports,BAU,-5.928809166
JAPAN,Imports,BAU,-2.4708757401
KOR,Imports,BAU,-8.3071775436
MAR,Imports,BAU,-9.9724349976
MDG,Imports,BAU,-2.9994177818
MEAS_NAfr,Imports,BAU,-8.961561203
MEX,Imports,BAU,-6.3651275635
MYS,Imports,BAU,-17.498796463
NGA,Imports,BAU,-2.1164476871
Oceania,Imports,BAU,-4.8263888359
Oth_CEE_CIS,Imports,BAU,-9.3390302658
Oth_Europe,Imports,BAU,-5.2428073883
PAK,Imports,BAU,-6.4496097565
PHL,Imports,BAU,-11.883810043
POL,Imports,BAU,-9.1983442307
R_S_Asia,Imports,BAU,-9.7131032944
R_SE_Asia,Imports,BAU,-19.540309906
Russia,Imports,BAU,-5.2691793442
S_o_Amer,Imports,BAU,-5.1039481163
S_S_AFR,Imports,BAU,-10.885905266
TUR,Imports,BAU,-8.7746772766
USA,Imports,BAU,-2.1442174911
VNM,Imports,BAU,-33.180038452
XAC,Imports,BAU,-12.570430756
ZAF,Imports,BAU,-7.0081701279
World,Imports,BAU,-4.4962062836
ARG,Household,BAU_noES,17.190713882
BGD,Household,BAU_noES,27.77041626
BRAZIL,Household,BAU_noES,16.510126114
C_C_Amer,Household,BAU_noES,23.066223145
CAN,Household,BAU_noES,20.697345734
CHIHKG,Household,BAU_noES,19.929264069
COL,Household,BAU_noES,15.460095406
E_Asia,Household,BAU_noES,21.797592163
EGY,Household,BAU_noES,47.325885773
ETH,Household,BAU_noES,21.936916351
EU27,Household,BAU_noES,8.8936281204
IDN,Household,BAU_noES,18.836666107
INDIA,Household,BAU_noES,25.383953094
JAPAN,Household,BAU_noES,4.7386550903
KOR,Household,BAU_noES,11.098029137
MAR,Household,BAU_noES,17.790090561
MDG,Household,BAU_noES,27.417385101
MEAS_NAfr,Household,BAU_noES,19.367214203
MEX,Household,BAU_noES,20.042339325
MYS,Household,BAU_noES,19.102436066
NGA,Household,BAU_noES,57.820026398
Oceania,Household,BAU_noES,23.672740936
Oth_CEE_CIS,Household,BAU_noES,33.840911865
Oth_Europe,Household,BAU_noES,12.655800819
PAK,Household,BAU_noES,21.712795258
PHL,Household,BAU_noES,39.36510849
POL,Household,BAU_noES,21.50289917
R_S_Asia,Household,BAU_noES,29.043745041
R_SE_Asia,Household,BAU_noES,10.689600945
Russia,Household,BAU_noES,25.690486908
S_o_Amer,Household,BAU_noES,19.508563995
S_S_AFR,Household,BAU_noES,39.713294983
TUR,Household,BAU_noES,26.838481903
USA,Household,BAU_noES,11.644388199
VNM,Household,BAU_noES,39.563575745
XAC,Household,BAU_noES,51.692802429
ZAF,Household,BAU_noES,20.575166702
World,Household,BAU_noES,14.249333382
ARG,Investment,BAU_noES,7.7429895401
BGD,Investment,BAU_noES,11.59608078
BRAZIL,Investment,BAU_noES,8.7957611084
C_C_Amer,Investment,BAU_noES,8.9768943787
CAN,Investment,BAU_noES,8.2212200165
CHIHKG,Investment,BAU_noES,25.224449158
COL,Investment,BAU_noES,10.391215324
E_Asia,Investment,BAU_noES,14.97752285
EGY,Investment,BAU_noES,6.131567955
ETH,Investment,BAU_noES,15.269678116
EU27,Investment,BAU_noES,6.1937685013
IDN,Investment,BAU_noES,14.315723419
INDIA,Investment,BAU_noES,15.557932854
JAPAN,Investment,BAU_noES,5.911842823
KOR,Investment,BAU_noES,14.8201437
MAR,Investment,BAU_noES,14.324611664
MDG,Investment,BAU_noES,3.1794581413
MEAS_NAfr,Investment,BAU_noES,11.490882874
MEX,Investment,BAU_noES,9.4637956619
MYS,Investment,BAU_noES,12.590197563
NGA,Investment,BAU_noES,5.9262356758
Oceania,Investment,BAU_noES,9.5881385803
Oth_CEE_CIS,Investment,BAU_noES,10.70377636
Oth_Europe,Investment,BAU_noES,9.9871702194
PAK,Investment,BAU_noES,7.8582782745
PHL,Investment,BAU_noES,10.658419609
POL,Investment,BAU_noES,9.6252059937
R_S_Asia,Investment,BAU_noES,12.887308121
R_SE_Asia,Investment,BAU_noES,16.098991394
Russia,Investment,BAU_noES,8.198677063
S_o_Amer,Investment,BAU_noES,10.797693253
S_S_AFR,Investment,BAU_noES,10.346840858
TUR,Investment,BAU_noES,10.585418701
USA,Investment,BAU_noES,6.3724107742
VNM,Investment,BAU_noES,14.135688782
XAC,Investment,BAU_noES,10.026929855
ZAF,Investment,BAU_noES,8.4010877609
World,Investment,BAU_noES,8.9544038773
ARG,Government,BAU_noES,4.6639976501
BGD,Government,BAU_noES,2.7352516651
BRAZIL,Government,BAU_noES,5.7355055809
C_C_Amer,Government,BAU_noES,6.199341774
CAN,Government,BAU_noES,7.4975194931
CHIHKG,Government,BAU_noES,8.3965396881
COL,Government,BAU_noES,4.6482658386
E_Asia,Government,BAU_noES,8.5135145187
EGY,Government,BAU_noES,8.3334922791
ETH,Government,BAU_noES,4.7558689117
EU27,Government,BAU_noES,3.5241920948
IDN,Government,BAU_noES,4.2504792213
INDIA,Government,BAU_noES,5.8953514099
JAPAN,Government,BAU_noES,1.8884341717
KOR,Government,BAU_noES,3.9399905205
MAR,Government,BAU_noES,7.8382325172
MDG,Government,BAU_noES,3.7044725418
MEAS_NAfr,Government,BAU_noES,8.8647556305
MEX,Government,BAU_noES,3.9315502644
MYS,Government,BAU_noES,5.5999112129
NGA,Government,BAU_noES,10.035372734
Oceania,Government,BAU_noES,7.4080820084
Oth_CEE_CIS,Government,BAU_noES,10.061520576
Oth_Europe,Government,BAU_noES,4.0539984703
PAK,Government,BAU_noES,4.456548214
PHL,Government,BAU_noES,6.8670940399
POL,Government,BAU_noES,7.3500566483
R_S_Asia,Government,BAU_noES,4.815507412
R_SE_Asia,Government,BAU_noES,4.479619503
Russia,Government,BAU_noES,9.1375904083
S_o_Amer,Government,BAU_noES,5.2562236786
S_S_AFR,Government,BAU_noES,10.11775589
TUR,Government,BAU_noES,6.8514909744
USA,Government,BAU_noES,2.4228591919
VNM,Government,BAU_noES,4.6428561211
XAC,Government,BAU_noES,22.149606705
ZAF,Government,BAU_noES,7.8669781685
World,Government,BAU_noES,4.518966198
ARG,Exports,BAU_noES,3.2522630692
BGD,Exports,BAU_noES,6.532351017
BRAZIL,Exports,BAU_noES,1.1411221027
C_C_Amer,Exports,BAU_noES,8.8447580338
CAN,Exports,BAU_noES,-0.36660939455
CHIHKG,Exports,BAU_noES,26.22784996
COL,Exports,BAU_noES,-1.3531050682
E_Asia,Exports,BAU_noES,41.335811615
EGY,Exports,BAU_noES,6.091905117
ETH,Exports,BAU_noES,2.0040061474
EU27,Exports,BAU_noES,4.3642034531
IDN,Exports,BAU_noES,4.1999931335
INDIA,Exports,BAU_noES,21.602579117
JAPAN,Exports,BAU_noES,4.1954655647
KOR,Exports,BAU_noES,19.029281616
MAR,Exports,BAU_noES,7.8003664017
MDG,Exports,BAU_noES,-2.1818373203
MEAS_NAfr,Exports,BAU_noES,2.0689029694
MEX,Exports,BAU_noES,4.0697698593
MYS,Exports,BAU_noES,25.188043594
NGA,Exports,BAU_noES,6.9230942726
Oceania,Exports,BAU_noES,1.2729480267
Oth_CEE_CIS,Exports,BAU_noES,7.9451079369
Oth_Europe,Exports,BAU_noES,-0.55113613605
PAK,Exports,BAU_noES,13.256358147
PHL,Exports,BAU_noES,13.010382652
POL,Exports,BAU_noES,14.312277794
R_S_Asia,Exports,BAU_noES,5.5847988129
R_SE_Asia,Exports,BAU_noES,26.314315796
Russia,Exports,BAU_noES,5.5702695847
S_o_Amer,Exports,BAU_noES,0.74017089605
S_S_AFR,Exports,BAU_noES,7.039144516
TUR,Exports,BAU_noES,16.017309189
USA,Exports,BAU_noES,0.033860355616
VNM,Exports,BAU_noES,35.034996033
XAC,Exports,BAU_noES,7.7029728889
ZAF,Exports,BAU_noES,8.0199356079
World,Exports,BAU_noES,6.6219191551
ARG,IntnlMargins,BAU_noES,0.030944742262
BGD,IntnlMargins,BAU_noES,6.87736828695051E-0005
BRAZIL,IntnlMargins,BAU_noES,0.039715688676
C_C_Amer,IntnlMargins,BAU_noES,0.12705524266
CAN,IntnlMargins,BAU_noES,0.07467751205
CHIHKG,IntnlMargins,BAU_noES,0.26046285033
COL,IntnlMargins,BAU_noES,0.018078565598
E_Asia,IntnlMargins,BAU_noES,0.386510849
EGY,IntnlMargins,BAU_noES,0.10109832883
ETH,IntnlMargins,BAU_noES,0.11414317787
EU27,IntnlMargins,BAU_noES,0.44578662515
IDN,IntnlMargins,BAU_noES,3.96879715844989E-0003
INDIA,IntnlMargins,BAU_noES,0.37978723645
JAPAN,IntnlMargins,BAU_noES,0.48272162676
KOR,IntnlMargins,BAU_noES,1.3598668575
MAR,IntnlMargins,BAU_noES,0.32874017954
MDG,IntnlMargins,BAU_noES,0.016300989315
MEAS_NAfr,IntnlMargins,BAU_noES,0.1577373296
MEX,IntnlMargins,BAU_noES,0.020782556385
MYS,IntnlMargins,BAU_noES,0.47347399592
NGA,IntnlMargins,BAU_noES,0.03473380208
Oceania,IntnlMargins,BAU_noES,0.019674843177
Oth_CEE_CIS,IntnlMargins,BAU_noES,0.56092357635
Oth_Europe,IntnlMargins,BAU_noES,0.48169589043
PAK,IntnlMargins,BAU_noES,0.074396952987
PHL,IntnlMargins,BAU_noES,0.13060559332
POL,IntnlMargins,BAU_noES,0.76524287462
R_S_Asia,IntnlMargins,BAU_noES,0.14099031687
R_SE_Asia,IntnlMargins,BAU_noES,3.1071116924
Russia,IntnlMargins,BAU_noES,0.059669967741
S_o_Amer,IntnlMargins,BAU_noES,0.13231383264
S_S_AFR,IntnlMargins,BAU_noES,0.15596459806
TUR,IntnlMargins,BAU_noES,0.23271222413
USA,IntnlMargins,BAU_noES,0.049693156034
VNM,IntnlMargins,BAU_noES,0.14711236954
XAC,IntnlMargins,BAU_noES,4.63442830368876E-0003
ZAF,IntnlMargins,BAU_noES,0.011179704219
World,IntnlMargins,BAU_noES,0.23759606481
ARG,Imports,BAU_noES,-4.7412009239
BGD,Imports,BAU_noES,-7.4298086166
BRAZIL,Imports,BAU_noES,-5.9826231003
C_C_Amer,Imports,BAU_noES,-10.497218132
CAN,Imports,BAU_noES,-7.5897879601
CHIHKG,Imports,BAU_noES,-10.087878227
COL,Imports,BAU_noES,-9.90620327
E_Asia,Imports,BAU_noES,-21.96979332
EGY,Imports,BAU_noES,-10.3396492
ETH,Imports,BAU_noES,-5.0178847313
EU27,Imports,BAU_noES,-5.7635707855
IDN,Imports,BAU_noES,-10.358680725
INDIA,Imports,BAU_noES,-8.2087907791
JAPAN,Imports,BAU_noES,-3.5345804691
KOR,Imports,BAU_noES,-12.116792679
MAR,Imports,BAU_noES,-13.833668709
MDG,Imports,BAU_noES,-7.0151391029
MEAS_NAfr,Imports,BAU_noES,-19.116903305
MEX,Imports,BAU_noES,-9.0606136322
MYS,Imports,BAU_noES,-23.617042542
NGA,Imports,BAU_noES,-4.869533062
Oceania,Imports,BAU_noES,-9.7624540329
Oth_CEE_CIS,Imports,BAU_noES,-12.694072723
Oth_Europe,Imports,BAU_noES,-8.1332035065
PAK,Imports,BAU_noES,-9.9876012802
PHL,Imports,BAU_noES,-15.683751106
POL,Imports,BAU_noES,-12.054307938
R_S_Asia,Imports,BAU_noES,-12.519857407
R_SE_Asia,Imports,BAU_noES,-23.530052185
Russia,Imports,BAU_noES,-13.137495041
S_o_Amer,Imports,BAU_noES,-9.7838745117
S_S_AFR,Imports,BAU_noES,-15.174277306
TUR,Imports,BAU_noES,-12.892739296
USA,Imports,BAU_noES,-3.4232828617
VNM,Imports,BAU_noES,-43.548526764
XAC,Imports,BAU_noES,-22.982572556
ZAF,Imports,BAU_noES,-10.017183304
World,Imports,BAU_noES,-7.0270910263
ARG,Household,BAU_aES,-0.051320519298
BGD,Household,BAU_aES,-2.7829248905
BRAZIL,Household,BAU_aES,-0.029728770256
C_C_Amer,Household,BAU_aES,-0.34729444981
CAN,Household,BAU_aES,0.19326113164
CHIHKG,Household,BAU_aES,-0.30558359623
COL,Household,BAU_aES,0.22869773209
E_Asia,Household,BAU_aES,0.071789890528
EGY,Household,BAU_aES,-0.640386343
ETH,Household,BAU_aES,0.17286580801
EU27,Household,BAU_aES,-0.080028936267
IDN,Household,BAU_aES,-0.19164720178
INDIA,Household,BAU_aES,-0.514983356
JAPAN,Household,BAU_aES,-0.23568296432
KOR,Household,BAU_aES,-0.39779990911
MAR,Household,BAU_aES,0.099568977952
MDG,Household,BAU_aES,-0.64880090952
MEAS_NAfr,Household,BAU_aES,0.47877252102
MEX,Household,BAU_aES,0.091247558594
MYS,Household,BAU_aES,-0.26039263606
NGA,Household,BAU_aES,0.095153450966
Oceania,Household,BAU_aES,0.30083149672
Oth_CEE_CIS,Household,BAU_aES,0.1606092155
Oth_Europe,Household,BAU_aES,0.15076507628
PAK,Household,BAU_aES,-0.034858465195
PHL,Household,BAU_aES,0.22464436293
POL,Household,BAU_aES,-0.19609686732
R_S_Asia,Household,BAU_aES,-0.65512931347
R_SE_Asia,Household,BAU_aES,-0.39005634189
Russia,Household,BAU_aES,0.36411398649
S_o_Amer,Household,BAU_aES,0.13162018359
S_S_AFR,Household,BAU_aES,0.20058234036
TUR,Household,BAU_aES,-0.30325636268
USA,Household,BAU_aES,-0.027102218941
VNM,Household,BAU_aES,5.91258937492967E-0003
XAC,Household,BAU_aES,1.5799742937
ZAF,Household,BAU_aES,6.63202069699764E-0003
World,Household,BAU_aES,-0.065306775272
ARG,Investment,BAU_aES,-0.01238746848
BGD,Investment,BAU_aES,-0.018195429817
BRAZIL,Investment,BAU_aES,-0.014506788924
C_C_Amer,Investment,BAU_aES,-0.010883778334
CAN,Investment,BAU_aES,-0.012394042686
CHIHKG,Investment,BAU_aES,-0.026011766866
COL,Investment,BAU_aES,-0.021716954187
E_Asia,Investment,BAU_aES,-0.016111876816
EGY,Investment,BAU_aES,-7.02444836497307E-0003
ETH,Investment,BAU_aES,-0.026469467208
EU27,Investment,BAU_aES,-0.011098165065
IDN,Investment,BAU_aES,-0.026960948482
INDIA,Investment,BAU_aES,-0.021292801946
JAPAN,Investment,BAU_aES,-0.011911276728
KOR,Investment,BAU_aES,-0.020472591743
MAR,Investment,BAU_aES,-0.032475613058
MDG,Investment,BAU_aES,-7.41678616032004E-0003
MEAS_NAfr,Investment,BAU_aES,-0.020629931241
MEX,Investment,BAU_aES,-0.01271387469
MYS,Investment,BAU_aES,-0.016843060032
NGA,Investment,BAU_aES,-3.30176530405879E-0003
Oceania,Investment,BAU_aES,-0.015504164621
Oth_CEE_CIS,Investment,BAU_aES,-0.015987532213
Oth_Europe,Investment,BAU_aES,-0.019677549601
PAK,Investment,BAU_aES,-0.011373595335
PHL,Investment,BAU_aES,-0.010276736692
POL,Investment,BAU_aES,-0.014772984199
R_S_Asia,Investment,BAU_aES,-0.021834868938
R_SE_Asia,Investment,BAU_aES,-0.0276193358
Russia,Investment,BAU_aES,-0.013778704219
S_o_Amer,Investment,BAU_aES,-0.018244033679
S_S_AFR,Investment,BAU_aES,-0.013878286816
TUR,Investment,BAU_aES,-0.013001893647
USA,Investment,BAU_aES,-0.011989734136
VNM,Investment,BAU_aES,-0.01818232052
XAC,Investment,BAU_aES,-2.22858041524887E-0003
ZAF,Investment,BAU_aES,-9.21225640922785E-0003
World,Investment,BAU_aES,-0.016020124778
ARG,Government,BAU_aES,1.94628769531846E-0003
BGD,Government,BAU_aES,0.20310646296
BRAZIL,Government,BAU_aES,0.029863104224
C_C_Amer,Government,BAU_aES,-0.031739197671
CAN,Government,BAU_aES,0.079837650061
CHIHKG,Government,BAU_aES,-0.036562081426
COL,Government,BAU_aES,0.059182673693
E_Asia,Government,BAU_aES,0.037419065833
EGY,Government,BAU_aES,2.57102632895112E-0003
ETH,Government,BAU_aES,-0.072201743722
EU27,Government,BAU_aES,-0.016267208382
IDN,Government,BAU_aES,0.037175945938
INDIA,Government,BAU_aES,-0.066733323038
JAPAN,Government,BAU_aES,-0.051742322743
KOR,Government,BAU_aES,-0.083112150431
MAR,Government,BAU_aES,-9.64294653385878E-0003
MDG,Government,BAU_aES,0.08261333406
MEAS_NAfr,Government,BAU_aES,0.20017616451
MEX,Government,BAU_aES,0.027573948726
MYS,Government,BAU_aES,0.021572327241
NGA,Government,BAU_aES,0.048072706908
Oceania,Government,BAU_aES,0.081470608711
Oth_CEE_CIS,Government,BAU_aES,0.068223461509
Oth_Europe,Government,BAU_aES,0.058328256011
PAK,Government,BAU_aES,-0.041370932013
PHL,Government,BAU_aES,0.014277148992
POL,Government,BAU_aES,-0.039124801755
R_S_Asia,Government,BAU_aES,-6.48967502638698E-0003
R_SE_Asia,Government,BAU_aES,-0.06951431185
Russia,Government,BAU_aES,0.10865417868
S_o_Amer,Government,BAU_aES,0.058846153319
S_S_AFR,Government,BAU_aES,0.07386418432
TUR,Government,BAU_aES,-0.045393038541
USA,Government,BAU_aES,4.32041659951210E-0003
VNM,Government,BAU_aES,0.024263607338
XAC,Government,BAU_aES,0.13320277631
ZAF,Government,BAU_aES,0.030476236716
World,Government,BAU_aES,9.14114434272051E-0003
ARG,Exports,BAU_aES,0.07707310468
BGD,Exports,BAU_aES,0.66457378864
BRAZIL,Exports,BAU_aES,0.019297707826
C_C_Amer,Exports,BAU_aES,0.15163627267
CAN,Exports,BAU_aES,-0.16315880418
CHIHKG,Exports,BAU_aES,0.27048438787
COL,Exports,BAU_aES,-4.68659074977040E-0003
E_Asia,Exports,BAU_aES,-0.028176099062
EGY,Exports,BAU_aES,0.044926822186
ETH,Exports,BAU_aES,-0.21938812733
EU27,Exports,BAU_aES,0.10228405148
IDN,Exports,BAU_aES,-0.12110826373
INDIA,Exports,BAU_aES,0.35547012091
JAPAN,Exports,BAU_aES,0.24974440038
KOR,Exports,BAU_aES,0.39746850729
MAR,Exports,BAU_aES,0.16588410735
MDG,Exports,BAU_aES,-0.49387586117
MEAS_NAfr,Exports,BAU_aES,-6.72780023887753E-0003
MEX,Exports,BAU_aES,-0.086463399231
MYS,Exports,BAU_aES,-0.12841795385
NGA,Exports,BAU_aES,-0.12646149099
Oceania,Exports,BAU_aES,-0.027316208929
Oth_CEE_CIS,Exports,BAU_aES,-0.17552700639
Oth_Europe,Exports,BAU_aES,-0.19823752344
PAK,Exports,BAU_aES,0.3746188879
PHL,Exports,BAU_aES,-9.06907301396131E-0003
POL,Exports,BAU_aES,0.12284996361
R_S_Asia,Exports,BAU_aES,0.14252078533
R_SE_Asia,Exports,BAU_aES,-0.14555263519
Russia,Exports,BAU_aES,0.053410638124
S_o_Amer,Exports,BAU_aES,-0.091102741659
S_S_AFR,Exports,BAU_aES,-0.082045279443
TUR,Exports,BAU_aES,0.30501532555
USA,Exports,BAU_aES,0.020916480571
VNM,Exports,BAU_aES,3.64282866939902E-0003
XAC,Exports,BAU_aES,0.36546802521
ZAF,Exports,BAU_aES,-0.016311375424
World,Exports,BAU_aES,0.090153172612
ARG,IntnlMargins,BAU_aES,3.71905072825030E-0004
BGD,IntnlMargins,BAU_aES,1.63304434863676E-0006
BRAZIL,IntnlMargins,BAU_aES,5.31144614797086E-0004
C_C_Amer,IntnlMargins,BAU_aES,2.60156393051147E-0003
CAN,IntnlMargins,BAU_aES,-1.12520516267978E-0004
CHIHKG,IntnlMargins,BAU_aES,3.21846711449325E-0003
COL,IntnlMargins,BAU_aES,-8.39716172777116E-0004
E_Asia,IntnlMargins,BAU_aES,2.07057548686862E-0003
EGY,IntnlMargins,BAU_aES,2.14435951784253E-0003
ETH,IntnlMargins,BAU_aES,-5.95026183873415E-0003
EU27,IntnlMargins,BAU_aES,5.56104443967342E-0003
IDN,IntnlMargins,BAU_aES,9.75821239990182E-0005
INDIA,IntnlMargins,BAU_aES,8.56793858110905E-0003
JAPAN,IntnlMargins,BAU_aES,0.010616444051
KOR,IntnlMargins,BAU_aES,0.026290554553
MAR,IntnlMargins,BAU_aES,3.10968048870564E-0003
MDG,IntnlMargins,BAU_aES,5.86852023843676E-0004
MEAS_NAfr,IntnlMargins,BAU_aES,-2.73838429711759E-0003
MEX,IntnlMargins,BAU_aES,1.47578888572752E-0004
MYS,IntnlMargins,BAU_aES,4.85136359930038E-0003
NGA,IntnlMargins,BAU_aES,-3.88670363463461E-0004
Oceania,IntnlMargins,BAU_aES,-9.01524210348725E-0004
Oth_CEE_CIS,IntnlMargins,BAU_aES,1.85081036761403E-0003
Oth_Europe,IntnlMargins,BAU_aES,1.42848619725555E-0003
PAK,IntnlMargins,BAU_aES,-1.23013436677866E-0004
PHL,IntnlMargins,BAU_aES,4.27257153205574E-0004
POL,IntnlMargins,BAU_aES,9.84920375049114E-0003
R_S_Asia,IntnlMargins,BAU_aES,3.19151580333710E-0003
R_SE_Asia,IntnlMargins,BAU_aES,0.048643782735
Russia,IntnlMargins,BAU_aES,-2.50800070352852E-0003
S_o_Amer,IntnlMargins,BAU_aES,2.58014770224690E-0004
S_S_AFR,IntnlMargins,BAU_aES,1.26824568724260E-0004
TUR,IntnlMargins,BAU_aES,2.88847484625876E-0003
USA,IntnlMargins,BAU_aES,7.17521237675101E-0004
VNM,IntnlMargins,BAU_aES,1.86929930350743E-0004
XAC,IntnlMargins,BAU_aES,-2.55883001955226E-0004
ZAF,IntnlMargins,BAU_aES,9.98940231511369E-0005
World,IntnlMargins,BAU_aES,3.33008356392384E-0003
ARG,Imports,BAU_aES,-7.88178108632565E-0003
BGD,Imports,BAU_aES,-0.14848026633
BRAZIL,Imports,BAU_aES,-0.050685122609
C_C_Amer,Imports,BAU_aES,0.056692481041
CAN,Imports,BAU_aES,-0.096581608057
CHIHKG,Imports,BAU_aES,-0.19713912904
COL,Imports,BAU_aES,-0.21183776855
E_Asia,Imports,BAU_aES,-0.057801872492
EGY,Imports,BAU_aES,0.053572677076
ETH,Imports,BAU_aES,-0.17874392867
EU27,Imports,BAU_aES,2.09779129363596E-0003
IDN,Imports,BAU_aES,-0.055361840874
INDIA,Imports,BAU_aES,0.063661836088
JAPAN,Imports,BAU_aES,7.27606285363436E-0003
KOR,Imports,BAU_aES,-0.02366514504
MAR,Imports,BAU_aES,0.021815244108
MDG,Imports,BAU_aES,9.00202989578247E-0003
MEAS_NAfr,Imports,BAU_aES,-0.58071607351
MEX,Imports,BAU_aES,-0.011402336881
MYS,Imports,BAU_aES,3.14379623159766E-0003
NGA,Imports,BAU_aES,-0.091115377843
Oceania,Imports,BAU_aES,-0.25780642033
Oth_CEE_CIS,Imports,BAU_aES,-0.074656970799
Oth_Europe,Imports,BAU_aES,-0.077400714159
PAK,Imports,BAU_aES,-0.091479666531
PHL,Imports,BAU_aES,0.041187688708
POL,Imports,BAU_aES,0.031186141074
R_S_Asia,Imports,BAU_aES,0.024647723883
R_SE_Asia,Imports,BAU_aES,0.40727257729
Russia,Imports,BAU_aES,-0.45291921496
S_o_Amer,Imports,BAU_aES,-0.15800271928
S_S_AFR,Imports,BAU_aES,-0.14928071201
TUR,Imports,BAU_aES,-0.016541933641
USA,Imports,BAU_aES,5.75672695413232E-0003
VNM,Imports,BAU_aES,-0.10791866481
XAC,Imports,BAU_aES,-0.81216675043
ZAF,Imports,BAU_aES,-0.028776587918
World,Imports,BAU_aES,-0.096168525517
ARG,Household,GlOBPES,4.56301309168339E-0003
BGD,Household,GlOBPES,-0.032621018589
BRAZIL,Household,GlOBPES,-2.38016992807388E-0003
C_C_Amer,Household,GlOBPES,0.012461978011
CAN,Household,GlOBPES,-0.034678027034
CHIHKG,Household,GlOBPES,0.019174721092
COL,Household,GlOBPES,0.016149077564
E_Asia,Household,GlOBPES,0.019665466622
EGY,Household,GlOBPES,0.31325769424
ETH,Household,GlOBPES,-0.022331049666
EU27,Household,GlOBPES,-0.028975227848
IDN,Household,GlOBPES,0.51686012745
INDIA,Household,GlOBPES,0.032777458429
JAPAN,Household,GlOBPES,-0.026728693396
KOR,Household,GlOBPES,-0.0197407417
MAR,Household,GlOBPES,5.68505469709635E-0003
MDG,Household,GlOBPES,0.076305195689
MEAS_NAfr,Household,GlOBPES,0.066230386496
MEX,Household,GlOBPES,0.042933791876
MYS,Household,GlOBPES,0.11395171285
NGA,Household,GlOBPES,-0.015610462055
Oceania,Household,GlOBPES,-0.022754188627
Oth_CEE_CIS,Household,GlOBPES,0.024409664795
Oth_Europe,Household,GlOBPES,0.012314511463
PAK,Household,GlOBPES,-0.011485222727
PHL,Household,GlOBPES,0.031870752573
POL,Household,GlOBPES,0.048352181911
R_S_Asia,Household,GlOBPES,0.029521495104
R_SE_Asia,Household,GlOBPES,5.12169068679214E-0003
Russia,Household,GlOBPES,0.025311732665
S_o_Amer,Household,GlOBPES,0.018665079027
S_S_AFR,Household,GlOBPES,0.11972600967
TUR,Household,GlOBPES,0.014662780799
USA,Household,GlOBPES,-0.029117293656
VNM,Household,GlOBPES,0.044915493578
XAC,Household,GlOBPES,0.20292183757
ZAF,Household,GlOBPES,8.44460353255272E-0003
World,Household,GlOBPES,6.65128836408258E-0003
ARG,Investment,GlOBPES,5.04512432962656E-0003
BGD,Investment,GlOBPES,7.32859969139099E-0003
BRAZIL,Investment,GlOBPES,5.90715929865837E-0003
C_C_Amer,Investment,GlOBPES,4.43896930664778E-0003
CAN,Investment,GlOBPES,5.03532914444804E-0003
CHIHKG,Investment,GlOBPES,0.010612506419
COL,Investment,GlOBPES,8.81526991724968E-0003
E_Asia,Investment,GlOBPES,6.54597394168377E-0003
EGY,Investment,GlOBPES,2.86832754500210E-0003
ETH,Investment,GlOBPES,0.010844254866
EU27,Investment,GlOBPES,4.51839156448841E-0003
IDN,Investment,GlOBPES,0.010948745534
INDIA,Investment,GlOBPES,8.71011056005955E-0003
JAPAN,Investment,GlOBPES,4.85613476485014E-0003
KOR,Investment,GlOBPES,8.35821032524109E-0003
MAR,Investment,GlOBPES,0.013201175258
MDG,Investment,GlOBPES,3.02707171067595E-0003
MEAS_NAfr,Investment,GlOBPES,8.35493206977844E-0003
MEX,Investment,GlOBPES,5.17300516366959E-0003
MYS,Investment,GlOBPES,6.86015328392386E-0003
NGA,Investment,GlOBPES,1.33965793065727E-0003
Oceania,Investment,GlOBPES,6.28980249166489E-0003
Oth_CEE_CIS,Investment,GlOBPES,6.49663247168064E-0003
Oth_Europe,Investment,GlOBPES,7.99634866416454E-0003
PAK,Investment,GlOBPES,4.62948996573687E-0003
PHL,Investment,GlOBPES,4.17602155357599E-0003
POL,Investment,GlOBPES,6.02279510349035E-0003
R_S_Asia,Investment,GlOBPES,8.91627371311188E-0003
R_SE_Asia,Investment,GlOBPES,0.011286815628
Russia,Investment,GlOBPES,5.58330118656158E-0003
S_o_Amer,Investment,GlOBPES,7.41395540535450E-0003
S_S_AFR,Investment,GlOBPES,5.62869105488062E-0003
TUR,Investment,GlOBPES,5.30255166813731E-0003
USA,Investment,GlOBPES,4.88082179799676E-0003
VNM,Investment,GlOBPES,7.38931261003017E-0003
XAC,Investment,GlOBPES,8.92692245543003E-0004
ZAF,Investment,GlOBPES,3.74942366033793E-0003
World,Investment,GlOBPES,6.51700794696808E-0003
ARG,Government,GlOBPES,-4.28546452894807E-0003
BGD,Government,GlOBPES,-3.00395605154335E-0003
BRAZIL,Government,GlOBPES,-1.11415097489953E-0003
C_C_Amer,Government,GlOBPES,1.25006097368896E-0003
CAN,Government,GlOBPES,-0.010451337323
CHIHKG,Government,GlOBPES,1.52624433394521E-0003
COL,Government,GlOBPES,2.89583858102560E-0003
E_Asia,Government,GlOBPES,0.010062895715
EGY,Government,GlOBPES,0.011668125167
ETH,Government,GlOBPES,-5.23271388374269E-0004
EU27,Government,GlOBPES,-0.012287884951
IDN,Government,GlOBPES,0.11693806201
INDIA,Government,GlOBPES,4.72084619104862E-0004
JAPAN,Government,GlOBPES,-0.010033496656
KOR,Government,GlOBPES,-6.67973794043064E-0003
MAR,Government,GlOBPES,-0.022995593026
MDG,Government,GlOBPES,1.50795257650316E-0003
MEAS_NAfr,Government,GlOBPES,0.011218141764
MEX,Government,GlOBPES,7.75948446244001E-0003
MYS,Government,GlOBPES,0.035577327013
NGA,Government,GlOBPES,1.73459993675351E-0003
Oceania,Government,GlOBPES,-5.99430780857801E-0003
Oth_CEE_CIS,Government,GlOBPES,9.59030061494559E-0004
Oth_Europe,Government,GlOBPES,2.55535123869777E-0003
PAK,Government,GlOBPES,-5.93918655067682E-0003
PHL,Government,GlOBPES,5.46082155779004E-0004
POL,Government,GlOBPES,0.015549985692
R_S_Asia,Government,GlOBPES,-1.95560278370976E-0003
R_SE_Asia,Government,GlOBPES,2.57562613114715E-0004
Russia,Government,GlOBPES,6.08707964420319E-0003
S_o_Amer,Government,GlOBPES,1.80390314199030E-0003
S_S_AFR,Government,GlOBPES,0.049418266863
TUR,Government,GlOBPES,-1.50117441080511E-0003
USA,Government,GlOBPES,-5.35939447581768E-0003
VNM,Government,GlOBPES,1.67321693152189E-0003
XAC,Government,GlOBPES,0.094482153654
ZAF,Government,GlOBPES,0.010150788352
World,Government,GlOBPES,-4.75607637781650E-0004
ARG,Exports,GlOBPES,0.041300736368
BGD,Exports,GlOBPES,-9.73096303641796E-0003
BRAZIL,Exports,GlOBPES,8.62083211541176E-0003
C_C_Amer,Exports,GlOBPES,0.011404137127
CAN,Exports,GlOBPES,0.01693360135
CHIHKG,Exports,GlOBPES,1.46707298699766E-0003
COL,Exports,GlOBPES,5.84592949599028E-0003
E_Asia,Exports,GlOBPES,-0.015974458307
EGY,Exports,GlOBPES,-0.061393290758
ETH,Exports,GlOBPES,2.63146217912436E-0003
EU27,Exports,GlOBPES,0.039145685732
IDN,Exports,GlOBPES,-0.52536594868
INDIA,Exports,GlOBPES,0.018866743892
JAPAN,Exports,GlOBPES,0.033907905221
KOR,Exports,GlOBPES,0.018457487226
MAR,Exports,GlOBPES,0.05393756181
MDG,Exports,GlOBPES,3.63786192610860E-0003
MEAS_NAfr,Exports,GlOBPES,5.97764272242785E-0004
MEX,Exports,GlOBPES,-0.044852279127
MYS,Exports,GlOBPES,-0.19930069149
NGA,Exports,GlOBPES,2.72781774401665E-0003
Oceania,Exports,GlOBPES,0.012618076056
Oth_CEE_CIS,Exports,GlOBPES,0.012173943222
Oth_Europe,Exports,GlOBPES,-8.21078754961491E-0003
PAK,Exports,GlOBPES,0.031292147934
PHL,Exports,GlOBPES,-0.022828456014
POL,Exports,GlOBPES,-9.88324172794819E-0005
R_S_Asia,Exports,GlOBPES,-5.73571398854256E-0003
R_SE_Asia,Exports,GlOBPES,-5.50803914666176E-0003
Russia,Exports,GlOBPES,1.13463040906936E-0003
S_o_Amer,Exports,GlOBPES,0.011473586783
S_S_AFR,Exports,GlOBPES,-0.16150027514
TUR,Exports,GlOBPES,-4.11115353927016E-0004
USA,Exports,GlOBPES,0.022435106337
VNM,Exports,GlOBPES,-0.030768191442
XAC,Exports,GlOBPES,-0.040945895016
ZAF,Exports,GlOBPES,-0.029856275767
World,Exports,GlOBPES,5.40013099089265E-0003
ARG,IntnlMargins,GlOBPES,-5.80581581743900E-0005
BGD,IntnlMargins,GlOBPES,-8.82962680748278E-0008
BRAZIL,IntnlMargins,GlOBPES,6.50101428618655E-0005
C_C_Amer,IntnlMargins,GlOBPES,1.11796543933451E-0004
CAN,IntnlMargins,GlOBPES,3.32614639773965E-0004
CHIHKG,IntnlMargins,GlOBPES,-7.38709059078246E-0005
COL,IntnlMargins,GlOBPES,-4.70267696073279E-0005
E_Asia,IntnlMargins,GlOBPES,1.35977257741615E-0004
EGY,IntnlMargins,GlOBPES,-7.21910444553942E-0004
ETH,IntnlMargins,GlOBPES,6.80312747135758E-0004
EU27,IntnlMargins,GlOBPES,7.35425273887813E-0004
IDN,IntnlMargins,GlOBPES,-3.81302234018222E-0005
INDIA,IntnlMargins,GlOBPES,-1.02738165878691E-0004
JAPAN,IntnlMargins,GlOBPES,9.22911218367517E-0004
KOR,IntnlMargins,GlOBPES,1.72692211344838E-0003
MAR,IntnlMargins,GlOBPES,4.79640148114413E-0004
MDG,IntnlMargins,GlOBPES,1.88828271348029E-0005
MEAS_NAfr,IntnlMargins,GlOBPES,-2.31498750508763E-0004
MEX,IntnlMargins,GlOBPES,6.51761320114019E-0006
MYS,IntnlMargins,GlOBPES,6.18923862930387E-0004
NGA,IntnlMargins,GlOBPES,-1.94349922821857E-0005
Oceania,IntnlMargins,GlOBPES,1.16567622171715E-0004
Oth_CEE_CIS,IntnlMargins,GlOBPES,7.42210540920496E-0005
Oth_Europe,IntnlMargins,GlOBPES,1.88718448043801E-0004
PAK,IntnlMargins,GlOBPES,3.18853417411447E-0005
PHL,IntnlMargins,GlOBPES,2.47544107878639E-0007
POL,IntnlMargins,GlOBPES,-2.90920521365479E-0004
R_S_Asia,IntnlMargins,GlOBPES,7.61994233471341E-0005
R_SE_Asia,IntnlMargins,GlOBPES,1.67827960103750E-0003
Russia,IntnlMargins,GlOBPES,-7.99009649199434E-0005
S_o_Amer,IntnlMargins,GlOBPES,5.67558436159743E-0006
S_S_AFR,IntnlMargins,GlOBPES,-1.77601337782107E-0004
TUR,IntnlMargins,GlOBPES,4.64216318505351E-0005
USA,IntnlMargins,GlOBPES,2.05485848709941E-0004
VNM,IntnlMargins,GlOBPES,-5.59799445909448E-0006
XAC,IntnlMargins,GlOBPES,-3.94626367778983E-0005
ZAF,IntnlMargins,GlOBPES,1.09537741082022E-0005
World,IntnlMargins,GlOBPES,2.46206560404971E-0004
ARG,Imports,GlOBPES,-0.015861522406
BGD,Imports,GlOBPES,-0.024206474423
BRAZIL,Imports,GlOBPES,5.48262498341501E-0004
C_C_Amer,Imports,GlOBPES,-3.13894590362906E-0003
CAN,Imports,GlOBPES,0.015408145264
CHIHKG,Imports,GlOBPES,-3.89746902510524E-0003
COL,Imports,GlOBPES,-0.021233052015
E_Asia,Imports,GlOBPES,-0.034099247307
EGY,Imports,GlOBPES,8.79369035828859E-0004
ETH,Imports,GlOBPES,0.022338461131
EU27,Imports,GlOBPES,-1.17289880290627E-0003
IDN,Imports,GlOBPES,-0.33981999755
INDIA,Imports,GlOBPES,-4.85354475677013E-0003
JAPAN,Imports,GlOBPES,3.30196321010590E-0003
KOR,Imports,GlOBPES,5.06616570055485E-0003
MAR,Imports,GlOBPES,0.020959155634
MDG,Imports,GlOBPES,-0.014003902674
MEAS_NAfr,Imports,GlOBPES,-0.019753757864
MEX,Imports,GlOBPES,-9.83954221010208E-0003
MYS,Imports,GlOBPES,-0.04574849084
NGA,Imports,GlOBPES,-5.81228826195002E-0003
Oceania,Imports,GlOBPES,0.014495783485
Oth_CEE_CIS,Imports,GlOBPES,-9.07756388187408E-0003
Oth_Europe,Imports,GlOBPES,-0.0113653671
PAK,Imports,GlOBPES,-0.036255035549
PHL,Imports,GlOBPES,0.014948356897
POL,Imports,GlOBPES,0.012635151856
R_S_Asia,Imports,GlOBPES,-0.01042380929
R_SE_Asia,Imports,GlOBPES,-0.01209713053
Russia,Imports,GlOBPES,-0.02295457013
S_o_Amer,Imports,GlOBPES,-8.04456695914269E-0003
S_S_AFR,Imports,GlOBPES,-0.08437345922
TUR,Imports,GlOBPES,-5.72467781603336E-0003
USA,Imports,GlOBPES,0.015312315896
VNM,Imports,GlOBPES,-0.018694624305
XAC,Imports,GlOBPES,-0.27208009362
ZAF,Imports,GlOBPES,-7.60330911725759E-0003
World,Imports,GlOBPES,-6.16165855899453E-0003
ARG,Household,NATPES,-6.31252257153392E-0003
BGD,Household,NATPES,-0.018757496029
BRAZIL,Household,NATPES,-8.57287738472223E-0003
C_C_Amer,Household,NATPES,5.44356973841786E-0003
CAN,Household,NATPES,4.75008011562750E-0004
CHIHKG,Household,NATPES,0.018835095689
COL,Household,NATPES,0.018222799525
E_Asia,Household,NATPES,0.017213348299
EGY,Household,NATPES,0.31620323658
ETH,Household,NATPES,-0.036297224462
EU27,Household,NATPES,3.75507911667228E-0003
IDN,Household,NATPES,0.056697867811
INDIA,Household,NATPES,0.0302099213
JAPAN,Household,NATPES,3.12335672788322E-0003
KOR,Household,NATPES,1.51854427531362E-0003
MAR,Household,NATPES,1.23940862249583E-0003
MDG,Household,NATPES,0.086672306061
MEAS_NAfr,Household,NATPES,0.074950926006
MEX,Household,NATPES,-2.83527420833707E-0004
MYS,Household,NATPES,-0.014871867374
NGA,Household,NATPES,-4.58077387884259E-0003
Oceania,Household,NATPES,9.50858928263187E-0003
Oth_CEE_CIS,Household,NATPES,0.024115024135
Oth_Europe,Household,NATPES,0.0128064733
PAK,Household,NATPES,-0.028753377497
PHL,Household,NATPES,0.038392420858
POL,Household,NATPES,0.045054327697
R_S_Asia,Household,NATPES,0.026621613652
R_SE_Asia,Household,NATPES,3.69668286293745E-0003
Russia,Household,NATPES,0.025018207729
S_o_Amer,Household,NATPES,0.020840002224
S_S_AFR,Household,NATPES,-0.030190220103
TUR,Household,NATPES,0.012728867121
USA,Household,NATPES,1.93490192759782E-0003
VNM,Household,NATPES,0.060378693044
XAC,Household,NATPES,0.074348293245
ZAF,Household,NATPES,-9.68512520194054E-0003
World,Household,NATPES,0.013696474023
ARG,Investment,NATPES,2.41195876151323E-0003
BGD,Investment,NATPES,3.50330863147974E-0003
BRAZIL,Investment,NATPES,2.82389484345913E-0003
C_C_Amer,Investment,NATPES,2.12197192013264E-0003
CAN,Investment,NATPES,2.40687932819128E-0003
CHIHKG,Investment,NATPES,5.07311802357435E-0003
COL,Investment,NATPES,4.21383092179894E-0003
E_Asia,Investment,NATPES,3.12743871472776E-0003
EGY,Investment,NATPES,1.37112278025597E-0003
ETH,Investment,NATPES,5.18410373479128E-0003
EU27,Investment,NATPES,2.15981574729085E-0003
IDN,Investment,NATPES,5.24612795561552E-0003
INDIA,Investment,NATPES,4.16430737823248E-0003
JAPAN,Investment,NATPES,2.32125516049564E-0003
KOR,Investment,NATPES,3.99546511471271E-0003
MAR,Investment,NATPES,6.31070369854569E-0003
MDG,Investment,NATPES,1.44609913695604E-0003
MEAS_NAfr,Investment,NATPES,3.99343995377421E-0003
MEX,Investment,NATPES,2.47307610698044E-0003
MYS,Investment,NATPES,3.27987037599087E-0003
NGA,Investment,NATPES,6.40376412775368E-0004
Oceania,Investment,NATPES,3.00649926066399E-0003
Oth_CEE_CIS,Investment,NATPES,3.10556869953871E-0003
Oth_Europe,Investment,NATPES,3.82236228324473E-0003
PAK,Investment,NATPES,2.21321964636445E-0003
PHL,Investment,NATPES,1.99619540944695E-0003
POL,Investment,NATPES,2.87910923361778E-0003
R_S_Asia,Investment,NATPES,4.26233280450106E-0003
R_SE_Asia,Investment,NATPES,5.39595168083906E-0003
Russia,Investment,NATPES,2.66888504847884E-0003
S_o_Amer,Investment,NATPES,3.54401208460331E-0003
S_S_AFR,Investment,NATPES,2.69305519759655E-0003
TUR,Investment,NATPES,2.53482162952423E-0003
USA,Investment,NATPES,2.33298912644386E-0003
VNM,Investment,NATPES,3.53238522075117E-0003
XAC,Investment,NATPES,4.26210957812145E-0004
ZAF,Investment,NATPES,1.79267558269203E-0003
World,Investment,NATPES,3.11547098681331E-0003
ARG,Government,NATPES,-6.20378646999598E-0003
BGD,Government,NATPES,-3.02559323608875E-0003
BRAZIL,Government,NATPES,-1.78167049307376E-0003
C_C_Amer,Government,NATPES,-7.18853319995105E-0004
CAN,Government,NATPES,-6.73679052852094E-0004
CHIHKG,Government,NATPES,7.62367038987577E-0004
COL,Government,NATPES,3.29990522004664E-0003
E_Asia,Government,NATPES,2.53267213702202E-0003
EGY,Government,NATPES,0.011584211141
ETH,Government,NATPES,-1.08408974483609E-0003
EU27,Government,NATPES,-9.49826440773904E-0004
IDN,Government,NATPES,2.70549627020955E-0003
INDIA,Government,NATPES,-2.21565319225192E-0003
JAPAN,Government,NATPES,-5.84097346290946E-0004
KOR,Government,NATPES,-1.58672322868370E-0004
MAR,Government,NATPES,-0.026252241805
MDG,Government,NATPES,6.71354180667549E-0004
MEAS_NAfr,Government,NATPES,0.014767481945
MEX,Government,NATPES,7.64517812058330E-0004
MYS,Government,NATPES,-1.27615523524582E-0003
NGA,Government,NATPES,1.82088918518275E-0003
Oceania,Government,NATPES,2.50980048440397E-0003
Oth_CEE_CIS,Government,NATPES,1.08898209873587E-0003
Oth_Europe,Government,NATPES,2.96142720617354E-0003
PAK,Government,NATPES,-8.40310286730528E-0003
PHL,Government,NATPES,5.01314236316830E-0004
POL,Government,NATPES,0.014534263872
R_S_Asia,Government,NATPES,-2.82783107832074E-0003
R_SE_Asia,Government,NATPES,-3.23366164229810E-0003
Russia,Government,NATPES,5.62004139646888E-0003
S_o_Amer,Government,NATPES,1.98973366059363E-0003
S_S_AFR,Government,NATPES,-1.92266027443111E-0003
TUR,Government,NATPES,-2.51843151636422E-0003
USA,Government,NATPES,2.05703603569418E-0004
VNM,Government,NATPES,1.52787310071290E-0003
XAC,Government,NATPES,-3.77683481201529E-0003
ZAF,Government,NATPES,-4.63879341259599E-0003
World,Government,NATPES,9.00644867215306E-0004
ARG,Exports,NATPES,0.044467639178
BGD,Exports,NATPES,-1.07826106250286E-0003
BRAZIL,Exports,NATPES,6.28211395815015E-0003
C_C_Amer,Exports,NATPES,0.017251839861
CAN,Exports,NATPES,-7.69553380087018E-0003
CHIHKG,Exports,NATPES,8.89752153307199E-0003
COL,Exports,NATPES,5.27099706232548E-0003
E_Asia,Exports,NATPES,-3.63719975575805E-0003
EGY,Exports,NATPES,-0.058851078153
ETH,Exports,NATPES,0.015142637305
EU27,Exports,NATPES,4.11760946735740E-0003
IDN,Exports,NATPES,-4.05451329424977E-0003
INDIA,Exports,NATPES,0.036333672702
JAPAN,Exports,NATPES,1.56383402645588E-0003
KOR,Exports,NATPES,-9.79944225400686E-0003
MAR,Exports,NATPES,0.0594025217
MDG,Exports,NATPES,0.015983957797
MEAS_NAfr,Exports,NATPES,1.74462737049907E-0003
MEX,Exports,NATPES,-2.72103562019765E-0003
MYS,Exports,NATPES,-0.022275377065
NGA,Exports,NATPES,8.17984924651682E-0004
Oceania,Exports,NATPES,-1.54550513252616E-0003
Oth_CEE_CIS,Exports,NATPES,0.010609086603
Oth_Europe,Exports,NATPES,-9.61347296833992E-0003
PAK,Exports,NATPES,0.053284127265
PHL,Exports,NATPES,-0.019777482376
POL,Exports,NATPES,4.55083278939128E-0003
R_S_Asia,Exports,NATPES,2.42922757752240E-0003
R_SE_Asia,Exports,NATPES,-3.96075658500195E-0003
Russia,Exports,NATPES,3.28603317029774E-0003
S_o_Amer,Exports,NATPES,0.011205412447
S_S_AFR,Exports,NATPES,-0.020074227825
TUR,Exports,NATPES,6.35275570675731E-0003
USA,Exports,NATPES,4.66058636084199E-0003
VNM,Exports,NATPES,-0.021452710032
XAC,Exports,NATPES,-2.39694374613464E-0003
ZAF,Exports,NATPES,6.87617715448141E-0003
World,Exports,NATPES,4.31905360892415E-0003
ARG,IntnlMargins,NATPES,-1.12322431959910E-0005
BGD,IntnlMargins,NATPES,-1.21711977385530E-0007
BRAZIL,IntnlMargins,NATPES,1.18324045615736E-0004
C_C_Amer,IntnlMargins,NATPES,1.07957115687896E-0004
CAN,IntnlMargins,NATPES,8.11837890069000E-0005
CHIHKG,IntnlMargins,NATPES,-1.00418830697890E-0004
COL,IntnlMargins,NATPES,-5.09252749907319E-0005
E_Asia,IntnlMargins,NATPES,2.27899545279797E-0005
EGY,IntnlMargins,NATPES,-7.25668214727193E-0004
ETH,IntnlMargins,NATPES,1.31060625426471E-0003
EU27,IntnlMargins,NATPES,1.51065076352097E-0004
IDN,IntnlMargins,NATPES,-7.49870241634199E-0006
INDIA,IntnlMargins,NATPES,5.41790323040914E-0005
JAPAN,IntnlMargins,NATPES,3.58621065970510E-0004
KOR,IntnlMargins,NATPES,1.41744734719396E-0003
MAR,IntnlMargins,NATPES,5.25462324731052E-0004
MDG,IntnlMargins,NATPES,6.91888053552248E-0005
MEAS_NAfr,IntnlMargins,NATPES,-2.86622496787459E-0004
MEX,IntnlMargins,NATPES,3.29357026203070E-0005
MYS,IntnlMargins,NATPES,8.82133143022656E-0004
NGA,IntnlMargins,NATPES,-3.31967094098218E-0005
Oceania,IntnlMargins,NATPES,1.09169104689499E-0005
Oth_CEE_CIS,IntnlMargins,NATPES,1.14048714749515E-0004
Oth_Europe,IntnlMargins,NATPES,-3.59040423063561E-0005
PAK,IntnlMargins,NATPES,8.48221898195334E-0005
PHL,IntnlMargins,NATPES,-1.29267382362741E-0005
POL,IntnlMargins,NATPES,-4.95375134050846E-0004
R_S_Asia,IntnlMargins,NATPES,1.07067375211045E-0004
R_SE_Asia,IntnlMargins,NATPES,1.30757992155850E-0003
Russia,IntnlMargins,NATPES,-1.03736500022933E-0004
S_o_Amer,IntnlMargins,NATPES,-7.24280107533559E-0006
S_S_AFR,IntnlMargins,NATPES,4.17403265601024E-0004
TUR,IntnlMargins,NATPES,2.09369100048207E-0005
USA,IntnlMargins,NATPES,5.45346956641879E-0005
VNM,IntnlMargins,NATPES,-1.18786243547220E-0004
XAC,IntnlMargins,NATPES,-4.91282480652444E-0006
ZAF,IntnlMargins,NATPES,1.46241472975817E-0005
World,IntnlMargins,NATPES,6.72489040880464E-0005
ARG,Imports,NATPES,-4.96332021430135E-0003
BGD,Imports,NATPES,-0.038393080235
BRAZIL,Imports,NATPES,0.010651051067
C_C_Amer,Imports,NATPES,8.62948363646865E-0004
CAN,Imports,NATPES,1.44693988841027E-0003
CHIHKG,Imports,NATPES,-4.46738954633474E-0003
COL,Imports,NATPES,-0.018240559846
E_Asia,Imports,NATPES,-0.011367970146
EGY,Imports,NATPES,-6.84587378054857E-0003
ETH,Imports,NATPES,0.053997766227
EU27,Imports,NATPES,-3.02911177277565E-0003
IDN,Imports,NATPES,-0.021729052067
INDIA,Imports,NATPES,-8.90237372368574E-0003
JAPAN,Imports,NATPES,-7.35742214601487E-0004
KOR,Imports,NATPES,0.011692545377
MAR,Imports,NATPES,0.030102606863
MDG,Imports,NATPES,-0.023128833622
MEAS_NAfr,Imports,NATPES,-0.030073421076
MEX,Imports,NATPES,-2.79990513809025E-0003
MYS,Imports,NATPES,-0.025160262361
NGA,Imports,NATPES,-0.010076851584
Oceania,Imports,NATPES,-4.81861876323819E-0003
Oth_CEE_CIS,Imports,NATPES,-4.96024172753096E-0003
Oth_Europe,Imports,NATPES,-6.73621054738760E-0003
PAK,Imports,NATPES,-0.057089284062
PHL,Imports,NATPES,7.20515614375472E-0003
POL,Imports,NATPES,0.015427541919
R_S_Asia,Imports,NATPES,-0.014072283171
R_SE_Asia,Imports,NATPES,3.71039984747767E-0003
Russia,Imports,NATPES,-0.021045967937
S_o_Amer,Imports,NATPES,-5.30230533331633E-0003
S_S_AFR,Imports,NATPES,2.95969331637025E-0003
TUR,Imports,NATPES,-6.14383490756154E-0003
USA,Imports,NATPES,9.33879055082798E-0004
VNM,Imports,NATPES,-0.037487119436
XAC,Imports,NATPES,-0.036073755473
ZAF,Imports,NATPES,2.43497104384005E-0003
World,Imports,NATPES,-4.47951350361109E-0003
ARG,Household,SRLand,0.013641561382
BGD,Household,SRLand,-0.042122561485
BRAZIL,Household,SRLand,2.61435098946095E-0003
C_C_Amer,Household,SRLand,0.056780740619
CAN,Household,SRLand,-9.58412140607834E-0003
CHIHKG,Household,SRLand,0.015163835138
COL,Household,SRLand,0.018657851964
E_Asia,Household,SRLand,2.87313503213227E-0003
EGY,Household,SRLand,0.30619692802
ETH,Household,SRLand,-0.038644634187
EU27,Household,SRLand,2.67816870473325E-0003
IDN,Household,SRLand,0.050785910338
INDIA,Household,SRLand,0.036649759859
JAPAN,Household,SRLand,3.43635620083660E-0005
KOR,Household,SRLand,-1.18808331899345E-0003
MAR,Household,SRLand,-5.93698211014271E-0003
MDG,Household,SRLand,0.050750717521
MEAS_NAfr,Household,SRLand,0.060572747141
MEX,Household,SRLand,5.20198047161102E-0003
MYS,Household,SRLand,0.01686671935
NGA,Household,SRLand,-0.015462514944
Oceania,Household,SRLand,9.38695296645165E-0003
Oth_CEE_CIS,Household,SRLand,0.011342920363
Oth_Europe,Household,SRLand,0.0286196284
PAK,Household,SRLand,-0.016385894269
PHL,Household,SRLand,0.031192040071
POL,Household,SRLand,0.043884336948
R_S_Asia,Household,SRLand,0.22516393661
R_SE_Asia,Household,SRLand,-4.55716345459223E-0003
Russia,Household,SRLand,9.52913705259562E-0003
S_o_Amer,Household,SRLand,0.020329419523
S_S_AFR,Household,SRLand,-0.042211245745
TUR,Household,SRLand,-0.010160205886
USA,Household,SRLand,4.64666169136763E-0003
VNM,Household,SRLand,8.91616009175777E-0003
XAC,Household,SRLand,0.033458266407
ZAF,Household,SRLand,-7.43769342079759E-0003
World,Household,SRLand,0.01216301322
ARG,Investment,SRLand,4.55885985866189E-0003
BGD,Investment,SRLand,6.62241782993078E-0003
BRAZIL,Investment,SRLand,5.33820595592260E-0003
C_C_Amer,Investment,SRLand,4.01616329327226E-0003
CAN,Investment,SRLand,4.54971008002758E-0003
CHIHKG,Investment,SRLand,9.58925578743219E-0003
COL,Investment,SRLand,7.96562526375055E-0003
E_Asia,Investment,SRLand,5.91434165835381E-0003
EGY,Investment,SRLand,2.59202835150063E-0003
ETH,Investment,SRLand,9.79575794190168E-0003
EU27,Investment,SRLand,4.08282876014710E-0003
IDN,Investment,SRLand,9.91502404212952E-0003
INDIA,Investment,SRLand,7.86964595317841E-0003
JAPAN,Investment,SRLand,4.38837101683021E-0003
KOR,Investment,SRLand,7.55286775529385E-0003
MAR,Investment,SRLand,0.011927732266
MDG,Investment,SRLand,2.73305666632950E-0003
MEAS_NAfr,Investment,SRLand,7.54924397915602E-0003
MEX,Investment,SRLand,4.67483559623361E-0003
MYS,Investment,SRLand,6.19941903278232E-0003
NGA,Investment,SRLand,1.21052179019898E-0003
Oceania,Investment,SRLand,5.68360276520252E-0003
Oth_CEE_CIS,Investment,SRLand,5.86954597383738E-0003
Oth_Europe,Investment,SRLand,7.22615094855428E-0003
PAK,Investment,SRLand,4.18374873697758E-0003
PHL,Investment,SRLand,3.77361406572163E-0003
POL,Investment,SRLand,5.44209731742740E-0003
R_S_Asia,Investment,SRLand,8.06091446429491E-0003
R_SE_Asia,Investment,SRLand,0.010200249963
Russia,Investment,SRLand,5.04488358274102E-0003
S_o_Amer,Investment,SRLand,6.69946381822228E-0003
S_S_AFR,Investment,SRLand,5.08683640509844E-0003
TUR,Investment,SRLand,4.79251006618142E-0003
USA,Investment,SRLand,4.41029947251081E-0003
VNM,Investment,SRLand,6.67700264602900E-0003
XAC,Investment,SRLand,8.05990479420871E-0004
ZAF,Investment,SRLand,3.38860042393208E-0003
World,Investment,SRLand,5.88881829753518E-0003
ARG,Government,SRLand,-1.92830909509212E-0003
BGD,Government,SRLand,-2.10232823155820E-0003
BRAZIL,Government,SRLand,2.69845221191645E-0003
C_C_Amer,Government,SRLand,0.019717860967
CAN,Government,SRLand,6.67190365493298E-0003
CHIHKG,Government,SRLand,4.92557510733604E-0003
COL,Government,SRLand,5.08460169658065E-0003
E_Asia,Government,SRLand,4.02860110625625E-0003
EGY,Government,SRLand,0.01207456179
ETH,Government,SRLand,7.81244505196810E-0003
EU27,Government,SRLand,3.57014080509543E-0003
IDN,Government,SRLand,9.43521782755852E-0003
INDIA,Government,SRLand,8.85539501905441E-0003
JAPAN,Government,SRLand,2.80500296503305E-0003
KOR,Government,SRLand,1.40873691998422E-0003
MAR,Government,SRLand,-0.023327918723
MDG,Government,SRLand,-9.76093928329647E-0004
MEAS_NAfr,Government,SRLand,0.017981376499
MEX,Government,SRLand,4.08161478117108E-0003
MYS,Government,SRLand,7.50111276283860E-0003
NGA,Government,SRLand,3.38706141337752E-0003
Oceania,Government,SRLand,2.02745082788169E-0003
Oth_CEE_CIS,Government,SRLand,0.022359229624
Oth_Europe,Government,SRLand,0.016586150974
PAK,Government,SRLand,-1.97235145606101E-0003
PHL,Government,SRLand,3.11066093854606E-0003
POL,Government,SRLand,0.017614021897
R_S_Asia,Government,SRLand,0.019184924662
R_SE_Asia,Government,SRLand,-1.39997061342001E-0003
Russia,Government,SRLand,6.99972175061703E-0003
S_o_Amer,Government,SRLand,3.58409644104540E-0003
S_S_AFR,Government,SRLand,0.030157998204
TUR,Government,SRLand,-1.63218018133193E-0003
USA,Government,SRLand,1.89071823842824E-0003
VNM,Government,SRLand,6.44392508547753E-0004
XAC,Government,SRLand,1.02922180667520E-0003
ZAF,Government,SRLand,-1.59944163169712E-0003
World,Government,SRLand,5.23315742611885E-0003
ARG,Exports,SRLand,0.040786698461
BGD,Exports,SRLand,-1.72168680001050E-0003
BRAZIL,Exports,SRLand,6.02272991091013E-0003
C_C_Amer,Exports,SRLand,-0.014734862372
CAN,Exports,SRLand,-9.47707798331976E-0003
CHIHKG,Exports,SRLand,6.90036313608289E-0003
COL,Exports,SRLand,9.81254130601883E-0003
E_Asia,Exports,SRLand,-7.79063021764159E-0003
EGY,Exports,SRLand,-0.062258794904
ETH,Exports,SRLand,0.029179196805
EU27,Exports,SRLand,5.92160969972610E-0003
IDN,Exports,SRLand,0.01344389841
INDIA,Exports,SRLand,0.062684729695
JAPAN,Exports,SRLand,0.021980572492
KOR,Exports,SRLand,-5.24241011589766E-0003
MAR,Exports,SRLand,0.048888195306
MDG,Exports,SRLand,8.84639099240303E-0003
MEAS_NAfr,Exports,SRLand,3.21286893449724E-0003
MEX,Exports,SRLand,-9.67491697520018E-0003
MYS,Exports,SRLand,-7.35089974477887E-0003
NGA,Exports,SRLand,1.36349722743034E-0003
Oceania,Exports,SRLand,3.64034622907639E-0003
Oth_CEE_CIS,Exports,SRLand,0.012787649408
Oth_Europe,Exports,SRLand,0.046464409679
PAK,Exports,SRLand,2.73660081438720E-0003
PHL,Exports,SRLand,-1.04570796247572E-0003
POL,Exports,SRLand,-1.68040441349149E-0003
R_S_Asia,Exports,SRLand,-0.038014784455
R_SE_Asia,Exports,SRLand,-6.32052484434098E-0004
Russia,Exports,SRLand,4.45757061243057E-0003
S_o_Amer,Exports,SRLand,0.021857883781
S_S_AFR,Exports,SRLand,0.017150767148
TUR,Exports,SRLand,0.079753637314
USA,Exports,SRLand,3.14497738145292E-0003
VNM,Exports,SRLand,-6.56473636627197E-0003
XAC,Exports,SRLand,-5.26689179241657E-0003
ZAF,Exports,SRLand,-9.77904419414699E-0004
World,Exports,SRLand,7.74764269590378E-0003
ARG,IntnlMargins,SRLand,-1.12496709334664E-0004
BGD,IntnlMargins,SRLand,-4.43051817455853E-0009
BRAZIL,IntnlMargins,SRLand,9.24936830415390E-0005
C_C_Amer,IntnlMargins,SRLand,5.79908846702892E-0005
CAN,IntnlMargins,SRLand,1.93919389857911E-0004
CHIHKG,IntnlMargins,SRLand,5.38896056241356E-0005
COL,IntnlMargins,SRLand,-9.63442216743715E-0005
E_Asia,IntnlMargins,SRLand,9.02316678548232E-0005
EGY,IntnlMargins,SRLand,-7.29497172869742E-0004
ETH,IntnlMargins,SRLand,9.85081773251295E-0004
EU27,IntnlMargins,SRLand,2.47290940023959E-0004
IDN,IntnlMargins,SRLand,-1.69458394339017E-0006
INDIA,IntnlMargins,SRLand,6.13109325058758E-0004
JAPAN,IntnlMargins,SRLand,8.12954152934253E-0004
KOR,IntnlMargins,SRLand,1.64977880194783E-0003
MAR,IntnlMargins,SRLand,2.38719832850620E-0004
MDG,IntnlMargins,SRLand,5.55290625925409E-0006
MEAS_NAfr,IntnlMargins,SRLand,-1.06709980173036E-0004
MEX,IntnlMargins,SRLand,2.29335619224003E-0005
MYS,IntnlMargins,SRLand,4.42432676209137E-0004
NGA,IntnlMargins,SRLand,-1.47004702739650E-0005
Oceania,IntnlMargins,SRLand,-4.49805193056818E-0005
Oth_CEE_CIS,IntnlMargins,SRLand,2.90472549386322E-0003
Oth_Europe,IntnlMargins,SRLand,1.26129633281380E-0003
PAK,IntnlMargins,SRLand,6.83698162902147E-0005
PHL,IntnlMargins,SRLand,-1.01390160125447E-0005
POL,IntnlMargins,SRLand,-6.00900326389819E-0004
R_S_Asia,IntnlMargins,SRLand,-2.28293443797156E-0004
R_SE_Asia,IntnlMargins,SRLand,1.65530666708946E-0003
Russia,IntnlMargins,SRLand,-1.39615556690842E-0004
S_o_Amer,IntnlMargins,SRLand,-1.37561335577630E-0004
S_S_AFR,IntnlMargins,SRLand,7.00311677064747E-0004
TUR,IntnlMargins,SRLand,4.76247601909563E-0004
USA,IntnlMargins,SRLand,2.36639880313305E-0005
VNM,IntnlMargins,SRLand,-1.13574551505735E-0005
XAC,IntnlMargins,SRLand,-3.15864804179000E-0006
ZAF,IntnlMargins,SRLand,7.37768414182938E-0006
World,IntnlMargins,SRLand,2.15877735172398E-0004
ARG,Imports,SRLand,-0.024664662778
BGD,Imports,SRLand,-0.023457460105
BRAZIL,Imports,SRLand,-2.71280598826706E-0003
C_C_Amer,Imports,SRLand,-0.019317811355
CAN,Imports,SRLand,1.29847449716181E-0003
CHIHKG,Imports,SRLand,-6.84573128819466E-0003
COL,Imports,SRLand,-0.02876634337
E_Asia,Imports,SRLand,2.02542683109641E-0003
EGY,Imports,SRLand,6.58093858510256E-0003
ETH,Imports,SRLand,0.029951922596
EU27,Imports,SRLand,-7.43395555764437E-0003
IDN,Imports,SRLand,-0.017828484997
INDIA,Imports,SRLand,-0.033539723605
JAPAN,Imports,SRLand,-0.01509520039
KOR,Imports,SRLand,9.70860943198204E-0003
MAR,Imports,SRLand,0.040640112013
MDG,Imports,SRLand,0.012585614808
MEAS_NAfr,Imports,SRLand,-0.016585160047
MEX,Imports,SRLand,6.02554669603705E-0003
MYS,Imports,SRLand,2.79372930526733E-0003
NGA,Imports,SRLand,-6.87722116708755E-0003
Oceania,Imports,SRLand,-0.012450953946
Oth_CEE_CIS,Imports,SRLand,-1.37323781382293E-0003
Oth_Europe,Imports,SRLand,-0.041097871959
PAK,Imports,SRLand,-6.11128867603838E-0004
PHL,Imports,SRLand,-1.17316958494484E-0003
POL,Imports,SRLand,0.013215358369
R_S_Asia,Imports,SRLand,7.35970446839929E-0003
R_SE_Asia,Imports,SRLand,2.25325440987945E-0003
Russia,Imports,SRLand,-0.010124154389
S_o_Amer,Imports,SRLand,-0.019376145676
S_S_AFR,Imports,SRLand,-0.020173691213
TUR,Imports,SRLand,-0.058417841792
USA,Imports,SRLand,-1.49627553764731E-0003
VNM,Imports,SRLand,-8.68709571659565E-0003
XAC,Imports,SRLand,-0.015831258148
ZAF,Imports,SRLand,3.16196121275425E-0003
World,Imports,SRLand,-8.20101983845234E-0003
ARG,Household,SRnD20,-0.055378518999
BGD,Household,SRnD20,0.1845010221
BRAZIL,Household,SRnD20,-0.013823383488
C_C_Amer,Household,SRnD20,0.22947771847
CAN,Household,SRnD20,7.44769070297480E-0003
CHIHKG,Household,SRnD20,0.072743631899
COL,Household,SRnD20,0.048127613962
E_Asia,Household,SRnD20,0.098553068936
EGY,Household,SRnD20,0.54939460754
ETH,Household,SRnD20,0.39879649878
EU27,Household,SRnD20,5.54951559752226E-0003
IDN,Household,SRnD20,0.41107594967
INDIA,Household,SRnD20,3.21327522397041E-0003
JAPAN,Household,SRnD20,7.72649655118585E-0004
KOR,Household,SRnD20,-5.79099683091044E-0003
MAR,Household,SRnD20,0.22194759548
MDG,Household,SRnD20,0.23246236145
MEAS_NAfr,Household,SRnD20,0.18431091309
MEX,Household,SRnD20,0.093829400837
MYS,Household,SRnD20,0.09905423969
NGA,Household,SRnD20,0.7336564064
Oceania,Household,SRnD20,0.043258689344
Oth_CEE_CIS,Household,SRnD20,0.12080174685
Oth_Europe,Household,SRnD20,0.073964729905
PAK,Household,SRnD20,0.25250050426
PHL,Household,SRnD20,0.30189865828
POL,Household,SRnD20,0.074235968292
R_S_Asia,Household,SRnD20,0.38553205132
R_SE_Asia,Household,SRnD20,0.13854497671
Russia,Household,SRnD20,0.083696439862
S_o_Amer,Household,SRnD20,0.050308018923
S_S_AFR,Household,SRnD20,0.34068861604
TUR,Household,SRnD20,0.052953574806
USA,Household,SRnD20,-5.47587918117642E-0003
VNM,Household,SRnD20,0.42613327503
XAC,Household,SRnD20,0.20045009255
ZAF,Household,SRnD20,-0.026192836463
World,Household,SRnD20,0.063537612557
ARG,Investment,SRnD20,0.010219425894
BGD,Investment,SRnD20,0.014843123965
BRAZIL,Investment,SRnD20,0.011961595155
C_C_Amer,Investment,SRnD20,8.99372901767492E-0003
CAN,Investment,SRnD20,0.010190162808
CHIHKG,Investment,SRnD20,0.02148860693
COL,Investment,SRnD20,0.017840649933
E_Asia,Investment,SRnD20,0.013218931854
EGY,Investment,SRnD20,5.81433065235615E-0003
ETH,Investment,SRnD20,0.021994071081
EU27,Investment,SRnD20,9.14566498249769E-0003
IDN,Investment,SRnD20,0.022261343896
INDIA,Investment,SRnD20,0.017646627501
JAPAN,Investment,SRnD20,9.83008742332458E-0003
KOR,Investment,SRnD20,0.016920704395
MAR,Investment,SRnD20,0.026786446571
MDG,Investment,SRnD20,6.13775802776217E-0003
MEAS_NAfr,Investment,SRnD20,0.016904750839
MEX,Investment,SRnD20,0.010475326329
MYS,Investment,SRnD20,0.013884413056
NGA,Investment,SRnD20,2.72937468253076E-0003
Oceania,Investment,SRnD20,0.01272868365
Oth_CEE_CIS,Investment,SRnD20,0.013153416105
Oth_Europe,Investment,SRnD20,0.016181167215
PAK,Investment,SRnD20,9.37874428927898E-0003
PHL,Investment,SRnD20,8.45208577811718E-0003
POL,Investment,SRnD20,0.012194252573
R_S_Asia,Investment,SRnD20,0.018077636138
R_SE_Asia,Investment,SRnD20,0.022872015834
Russia,Investment,SRnD20,0.011297661811
S_o_Amer,Investment,SRnD20,0.015006965958
S_S_AFR,Investment,SRnD20,0.01142444741
TUR,Investment,SRnD20,0.010740015656
USA,Investment,SRnD20,9.87909082323313E-0003
VNM,Investment,SRnD20,0.014979586937
XAC,Investment,SRnD20,1.81212346069515E-0003
ZAF,Investment,SRnD20,7.59300123900175E-0003
World,Investment,SRnD20,0.013193625025
ARG,Government,SRnD20,-0.016570696607
BGD,Government,SRnD20,5.55271515622735E-0004
BRAZIL,Government,SRnD20,-2.82024312764406E-0003
C_C_Amer,Government,SRnD20,0.0316365771
CAN,Government,SRnD20,9.96284652501345E-0003
CHIHKG,Government,SRnD20,8.70719179511070E-0003
COL,Government,SRnD20,8.41668806970119E-0003
E_Asia,Government,SRnD20,6.03268761187792E-0003
EGY,Government,SRnD20,0.020984336734
ETH,Government,SRnD20,0.019168756902
EU27,Government,SRnD20,5.00522655784152E-0005
IDN,Government,SRnD20,0.018950445578
INDIA,Government,SRnD20,-3.78375127911568E-0003
JAPAN,Government,SRnD20,-6.77630072459578E-0004
KOR,Government,SRnD20,-3.43507411889732E-0003
MAR,Government,SRnD20,0.020012114197
MDG,Government,SRnD20,4.11177345085889E-0004
MEAS_NAfr,Government,SRnD20,0.044712867588
MEX,Government,SRnD20,0.012590956874
MYS,Government,SRnD20,0.024134002626
NGA,Government,SRnD20,-0.01282778848
Oceania,Government,SRnD20,0.012840305455
Oth_CEE_CIS,Government,SRnD20,0.03089440614
Oth_Europe,Government,SRnD20,0.024749029428
PAK,Government,SRnD20,-7.42385350167751E-0003
PHL,Government,SRnD20,0.014059371315
POL,Government,SRnD20,0.01873454079
R_S_Asia,Government,SRnD20,0.013580256142
R_SE_Asia,Government,SRnD20,0.011467121542
Russia,Government,SRnD20,0.021199271083
S_o_Amer,Government,SRnD20,5.05128270015121E-0003
S_S_AFR,Government,SRnD20,0.012217951939
TUR,Government,SRnD20,-2.60554510168731E-0003
USA,Government,SRnD20,-5.01013011671603E-0004
VNM,Government,SRnD20,0.020205643028
XAC,Government,SRnD20,0.039260447025
ZAF,Government,SRnD20,-0.010924845934
World,Government,SRnD20,6.79590832442045E-0003
ARG,Exports,SRnD20,0.07779918611
BGD,Exports,SRnD20,7.37474625930190E-0003
BRAZIL,Exports,SRnD20,1.62617990281433E-0003
C_C_Amer,Exports,SRnD20,0.048192311078
CAN,Exports,SRnD20,-0.023004401475
CHIHKG,Exports,SRnD20,0.044289343059
COL,Exports,SRnD20,-8.59532877802849E-0003
E_Asia,Exports,SRnD20,-0.010092839599
EGY,Exports,SRnD20,-0.11268102378
ETH,Exports,SRnD20,0.20247426629
EU27,Exports,SRnD20,0.020178537816
IDN,Exports,SRnD20,-4.12666791817173E-0004
INDIA,Exports,SRnD20,0.12197170407
JAPAN,Exports,SRnD20,0.039451632649
KOR,Exports,SRnD20,1.92161893937737E-0003
MAR,Exports,SRnD20,7.92444101534784E-0004
MDG,Exports,SRnD20,-0.059459961951
MEAS_NAfr,Exports,SRnD20,-9.70036443322897E-0003
MEX,Exports,SRnD20,-0.027381053194
MYS,Exports,SRnD20,-0.04195099324
NGA,Exports,SRnD20,-0.010459010489
Oceania,Exports,SRnD20,-0.012140619569
Oth_CEE_CIS,Exports,SRnD20,0.051515109837
Oth_Europe,Exports,SRnD20,0.02407505177
PAK,Exports,SRnD20,0.088140293956
PHL,Exports,SRnD20,-0.12823919952
POL,Exports,SRnD20,0.027780868113
R_S_Asia,Exports,SRnD20,-0.04072901234
R_SE_Asia,Exports,SRnD20,4.45732555817813E-0004
Russia,Exports,SRnD20,9.65214613825083E-0003
S_o_Amer,Exports,SRnD20,6.25012908130884E-0003
S_S_AFR,Exports,SRnD20,0.028510771692
TUR,Exports,SRnD20,0.097258418798
USA,Exports,SRnD20,1.59968913067132E-0003
VNM,Exports,SRnD20,-0.13084058464
XAC,Exports,SRnD20,-0.028179848567
ZAF,Exports,SRnD20,0.020714169368
World,Exports,SRnD20,0.017081383616
ARG,IntnlMargins,SRnD20,1.53414905071259E-0004
BGD,IntnlMargins,SRnD20,-2.39026036297219E-0007
BRAZIL,IntnlMargins,SRnD20,2.85917980363593E-0004
C_C_Amer,IntnlMargins,SRnD20,-4.54076449386775E-0004
CAN,IntnlMargins,SRnD20,1.29911553813145E-0004
CHIHKG,IntnlMargins,SRnD20,-5.70714357309043E-0004
COL,IntnlMargins,SRnD20,-1.82970266905613E-0004
E_Asia,IntnlMargins,SRnD20,-3.32044641254470E-0004
EGY,IntnlMargins,SRnD20,-1.14751083310694E-0003
ETH,IntnlMargins,SRnD20,4.34844056144357E-0003
EU27,IntnlMargins,SRnD20,-1.38511768454919E-0005
IDN,IntnlMargins,SRnD20,-4.14899877796415E-0005
INDIA,IntnlMargins,SRnD20,1.53177755419165E-0003
JAPAN,IntnlMargins,SRnD20,5.93422795645893E-0004
KOR,IntnlMargins,SRnD20,1.65931053925306E-0003
MAR,IntnlMargins,SRnD20,-6.18936435785145E-0004
MDG,IntnlMargins,SRnD20,2.07855016924441E-0004
MEAS_NAfr,IntnlMargins,SRnD20,-1.03076046798378E-0003
MEX,IntnlMargins,SRnD20,-9.78416028374340E-0006
MYS,IntnlMargins,SRnD20,5.50547905731946E-0004
NGA,IntnlMargins,SRnD20,-2.22289527300745E-0004
Oceania,IntnlMargins,SRnD20,-5.34670471097343E-0005
Oth_CEE_CIS,IntnlMargins,SRnD20,1.58085348084569E-0003
Oth_Europe,IntnlMargins,SRnD20,-2.17031440115534E-0004
PAK,IntnlMargins,SRnD20,-3.85969266062602E-0004
PHL,IntnlMargins,SRnD20,-5.70854463148862E-0004
POL,IntnlMargins,SRnD20,-1.49274687282741E-0003
R_S_Asia,IntnlMargins,SRnD20,-6.12065254244953E-0004
R_SE_Asia,IntnlMargins,SRnD20,-3.49505804479122E-0003
Russia,IntnlMargins,SRnD20,-5.49476244486868E-0004
S_o_Amer,IntnlMargins,SRnD20,-1.10721892269794E-0004
S_S_AFR,IntnlMargins,SRnD20,2.13515930227004E-0004
TUR,IntnlMargins,SRnD20,1.86662917258218E-0004
USA,IntnlMargins,SRnD20,6.11926734563895E-0005
VNM,IntnlMargins,SRnD20,-9.23527462873608E-0004
XAC,IntnlMargins,SRnD20,-1.36421640490880E-0005
ZAF,IntnlMargins,SRnD20,2.26561278395820E-0005
World,IntnlMargins,SRnD20,-9.35268471948802E-0005
ARG,Imports,SRnD20,0.013658894226
BGD,Imports,SRnD20,-0.067271538079
BRAZIL,Imports,SRnD20,0.026456372812
C_C_Amer,Imports,SRnD20,-0.010901779868
CAN,Imports,SRnD20,-2.74623394943774E-0003
CHIHKG,Imports,SRnD20,-0.011797614396
COL,Imports,SRnD20,-0.042007744312
E_Asia,Imports,SRnD20,0.013419606723
EGY,Imports,SRnD20,-0.03546243906
ETH,Imports,SRnD20,0.14989459515
EU27,Imports,SRnD20,-0.016220605001
IDN,Imports,SRnD20,-0.018796334043
INDIA,Imports,SRnD20,-0.052895009518
JAPAN,Imports,SRnD20,-0.031363084912
KOR,Imports,SRnD20,6.69785309582949E-0003
MAR,Imports,SRnD20,-0.077249482274
MDG,Imports,SRnD20,-0.067478343844
MEAS_NAfr,Imports,SRnD20,-0.10122425109
MEX,Imports,SRnD20,0.025133317336
MYS,Imports,SRnD20,0.033309854567
NGA,Imports,SRnD20,-0.029218483716
Oceania,Imports,SRnD20,-0.020094176754
Oth_CEE_CIS,Imports,SRnD20,-0.017028562725
Oth_Europe,Imports,SRnD20,-0.059275627136
PAK,Imports,SRnD20,-0.12712624669
PHL,Imports,SRnD20,0.083466403186
POL,Imports,SRnD20,9.74066276103258E-0003
R_S_Asia,Imports,SRnD20,-0.03634769097
R_SE_Asia,Imports,SRnD20,0.04978787899
Russia,Imports,SRnD20,-0.063702858984
S_o_Amer,Imports,SRnD20,-0.01712196134
S_S_AFR,Imports,SRnD20,-0.088040620089
TUR,Imports,SRnD20,-0.062993042171
USA,Imports,SRnD20,3.66343255154788E-0003
VNM,Imports,SRnD20,-1.25999841839075E-0003
XAC,Imports,SRnD20,-0.11416881531
ZAF,Imports,SRnD20,1.17072439752519E-0003
World,Imports,SRnD20,-0.017519673333
ARG,Household,GPESSRRnD20,-0.034920394421
BGD,Household,GPESSRRnD20,0.16219955683
BRAZIL,Household,GPESSRRnD20,-5.18723577260971E-0003
C_C_Amer,Household,GPESSRRnD20,0.24057343602
CAN,Household,GPESSRRnD20,-0.027352264151
CHIHKG,Household,GPESSRRnD20,0.071708716452
COL,Household,GPESSRRnD20,0.044832624495
E_Asia,Household,GPESSRRnD20,0.098334662616
EGY,Household,GPESSRRnD20,0.53716957569
ETH,Household,GPESSRRnD20,0.39582082629
EU27,Household,GPESSRRnD20,-0.02808845602
IDN,Household,GPESSRRnD20,0.84074437618
INDIA,Household,GPESSRRnD20,-1.78018747828901E-0003
JAPAN,Household,GPESSRRnD20,-0.03057231009
KOR,Household,GPESSRRnD20,-0.028350664303
MAR,Household,GPESSRRnD20,0.22165942192
MDG,Household,GPESSRRnD20,0.21825250983
MEAS_NAfr,Household,GPESSRRnD20,0.16429582238
MEX,Household,GPESSRRnD20,0.12641257048
MYS,Household,GPESSRRnD20,0.20867542922
NGA,Household,GPESSRRnD20,0.72360360622
Oceania,Household,GPESSRRnD20,0.010725350119
Oth_CEE_CIS,Household,GPESSRRnD20,0.12113245577
Oth_Europe,Household,GPESSRRnD20,0.070586152375
PAK,Household,GPESSRRnD20,0.23561896384
PHL,Household,GPESSRRnD20,0.29126822948
POL,Household,GPESSRRnD20,0.07915905118
R_S_Asia,Household,GPESSRRnD20,0.37439244986
R_SE_Asia,Household,GPESSRRnD20,0.13838152587
Russia,Household,GPESSRRnD20,0.079890072346
S_o_Amer,Household,GPESSRRnD20,0.049131296575
S_S_AFR,Household,GPESSRRnD20,0.43868461251
TUR,Household,GPESSRRnD20,0.053136229515
USA,Household,GPESSRRnD20,-0.03783166036
VNM,Household,GPESSRRnD20,0.400167346
XAC,Household,GPESSRRnD20,0.33321291208
ZAF,Household,GPESSRRnD20,-1.06820545624942E-0003
World,Household,GPESSRRnD20,0.05363882333
ARG,Investment,GPESSRRnD20,0.01298568584
BGD,Investment,GPESSRRnD20,0.018863994628
BRAZIL,Investment,GPESSRRnD20,0.015200786293
C_C_Amer,Investment,GPESSRRnD20,0.011430198327
CAN,Investment,GPESSRRnD20,0.012951431796
CHIHKG,Investment,GPESSRRnD20,0.027310343459
COL,Investment,GPESSRRnD20,0.022674325854
E_Asia,Investment,GPESSRRnD20,0.016810329631
EGY,Investment,GPESSRRnD20,7.38939875736833E-0003
ETH,Investment,GPESSRRnD20,0.027937324718
EU27,Investment,GPESSRRnD20,0.011623780243
IDN,Investment,GPESSRRnD20,0.028219942003
INDIA,Investment,GPESSRRnD20,0.022420311347
JAPAN,Investment,GPESSRRnD20,0.012493956834
KOR,Investment,GPESSRRnD20,0.021504642442
MAR,Investment,GPESSRRnD20,0.034040018916
MDG,Investment,GPESSRRnD20,7.80468387529254E-0003
MEAS_NAfr,Investment,GPESSRRnD20,0.021486911923
MEX,Investment,GPESSRRnD20,0.01331127435
MYS,Investment,GPESSRRnD20,0.017643211409
NGA,Investment,GPESSRRnD20,3.46914958208799E-0003
Oceania,Investment,GPESSRRnD20,0.016178250313
Oth_CEE_CIS,Investment,GPESSRRnD20,0.016716090962
Oth_Europe,Investment,GPESSRRnD20,0.020566027611
PAK,Investment,GPESSRRnD20,0.011917647906
PHL,Investment,GPESSRRnD20,0.010742289945
POL,Investment,GPESSRRnD20,0.015497408807
R_S_Asia,Investment,GPESSRRnD20,0.022971276194
R_SE_Asia,Investment,GPESSRRnD20,0.029064614326
Russia,Investment,GPESSRRnD20,0.014358986169
S_o_Amer,Investment,GPESSRRnD20,0.019072422758
S_S_AFR,Investment,GPESSRRnD20,0.01449968107
TUR,Investment,GPESSRRnD20,0.013649318367
USA,Investment,GPESSRRnD20,0.012556341477
VNM,Investment,GPESSRRnD20,0.019036781043
XAC,Investment,GPESSRRnD20,2.30512768030167E-0003
ZAF,Investment,GPESSRRnD20,9.64784435927868E-0003
World,Investment,GPESSRRnD20,0.016766680405
ARG,Government,GPESSRRnD20,-0.012114315294
BGD,Government,GPESSRRnD20,8.25470895506442E-0004
BRAZIL,Government,GPESSRRnD20,-3.58149845851585E-0005
C_C_Amer,Government,GPESSRRnD20,0.036213230342
CAN,Government,GPESSRRnD20,9.51710331719369E-0004
CHIHKG,Government,GPESSRRnD20,9.77045390754938E-0003
COL,Government,GPESSRRnD20,8.17618332803249E-0003
E_Asia,Government,GPESSRRnD20,0.013412296772
EGY,Government,GPESSRRnD20,0.021101765335
ETH,Government,GPESSRRnD20,0.029564382508
EU27,Government,GPESSRRnD20,-0.010787946172
IDN,Government,GPESSRRnD20,0.13346688449
INDIA,Government,GPESSRRnD20,1.17399089504033E-0003
JAPAN,Government,GPESSRRnD20,-0.010036162101
KOR,Government,GPESSRRnD20,-9.78611875325441E-0003
MAR,Government,GPESSRRnD20,0.0264751371
MDG,Government,GPESSRRnD20,1.52280111797154E-0003
MEAS_NAfr,Government,GPESSRRnD20,0.039809752256
MEX,Government,GPESSRRnD20,0.020529773086
MYS,Government,GPESSRRnD20,0.059221003205
NGA,Government,GPESSRRnD20,-0.013614690863
Oceania,Government,GPESSRRnD20,4.11539990454912E-0003
Oth_CEE_CIS,Government,GPESSRRnD20,0.032158844173
Oth_Europe,Government,GPESSRRnD20,0.024013526738
PAK,Government,GPESSRRnD20,-3.45611828379333E-0003
PHL,Government,GPESSRRnD20,0.014379955828
POL,Government,GPESSRRnD20,0.020590648055
R_S_Asia,Government,GPESSRRnD20,0.016447234899
R_SE_Asia,Government,GPESSRRnD20,0.016136555001
Russia,Government,GPESSRRnD20,0.021421050653
S_o_Amer,Government,GPESSRRnD20,5.53203606978059E-0003
S_S_AFR,Government,GPESSRRnD20,0.071532197297
TUR,Government,GPESSRRnD20,-9.24226595088840E-0004
USA,Government,GPESSRRnD20,-5.69263007491827E-0003
VNM,Government,GPESSRRnD20,0.020721826702
XAC,Government,GPESSRRnD20,0.13241098821
ZAF,Government,GPESSRRnD20,4.84624691307545E-0003
World,Government,GPESSRRnD20,5.89333288371563E-0003
ARG,Exports,GPESSRRnD20,0.069411292672
BGD,Exports,GPESSRRnD20,-2.54170317202806E-0003
BRAZIL,Exports,GPESSRRnD20,-6.77235220791772E-0005
C_C_Amer,Exports,GPESSRRnD20,0.035957552493
CAN,Exports,GPESSRRnD20,3.31623712554574E-0004
CHIHKG,Exports,GPESSRRnD20,0.034603305161
COL,Exports,GPESSRRnD20,-5.15850447118282E-0003
E_Asia,Exports,GPESSRRnD20,-0.02248821035
EGY,Exports,GPESSRRnD20,-0.11455126852
ETH,Exports,GPESSRRnD20,0.21422620118
EU27,Exports,GPESSRRnD20,0.054395671934
IDN,Exports,GPESSRRnD20,-0.52507585287
INDIA,Exports,GPESSRRnD20,0.10177372396
JAPAN,Exports,GPESSRRnD20,0.071340225637
KOR,Exports,GPESSRRnD20,0.030772065744
MAR,Exports,GPESSRRnD20,-9.34353470802307E-0003
MDG,Exports,GPESSRRnD20,-0.066494688392
MEAS_NAfr,Exports,GPESSRRnD20,-9.61200613528490E-0003
MEX,Exports,GPESSRRnD20,-0.069476984441
MYS,Exports,GPESSRRnD20,-0.21962669492
NGA,Exports,GPESSRRnD20,-8.55655409395695E-0003
Oceania,Exports,GPESSRRnD20,4.09708777442575E-0003
Oth_CEE_CIS,Exports,GPESSRRnD20,0.052635319531
Oth_Europe,Exports,GPESSRRnD20,0.026878900826
PAK,Exports,GPESSRRnD20,0.060950018466
PHL,Exports,GPESSRRnD20,-0.13158230484
POL,Exports,GPESSRRnD20,0.020266236737
R_S_Asia,Exports,GPESSRRnD20,-0.04727878049
R_SE_Asia,Exports,GPESSRRnD20,-1.83254922740161E-0003
Russia,Exports,GPESSRRnD20,7.24797882139683E-0003
S_o_Amer,Exports,GPESSRRnD20,9.33079887181521E-0003
S_S_AFR,Exports,GPESSRRnD20,-0.11607015133
TUR,Exports,GPESSRRnD20,0.088019579649
USA,Exports,GPESSRRnD20,0.016349937767
VNM,Exports,GPESSRRnD20,-0.14172202349
XAC,Exports,GPESSRRnD20,-0.068083509803
ZAF,Exports,GPESSRRnD20,-0.017600433901
World,Exports,GPESSRRnD20,0.016769822687
ARG,IntnlMargins,GPESSRRnD20,6.80123048368841E-0005
BGD,IntnlMargins,GPESSRRnD20,-2.12916532404961E-0007
BRAZIL,IntnlMargins,GPESSRRnD20,2.09047633688897E-0004
C_C_Amer,IntnlMargins,GPESSRRnD20,-5.03924849908799E-0004
CAN,IntnlMargins,GPESSRRnD20,3.48295201547444E-0004
CHIHKG,IntnlMargins,GPESSRRnD20,-5.72321645449847E-0004
COL,IntnlMargins,GPESSRRnD20,-2.03046976821497E-0004
E_Asia,IntnlMargins,GPESSRRnD20,-2.63705907855183E-0004
EGY,IntnlMargins,GPESSRRnD20,-1.16771669127047E-0003
ETH,IntnlMargins,GPESSRRnD20,4.02209116145968E-0003
EU27,IntnlMargins,GPESSRRnD20,4.42805263446644E-0004
IDN,IntnlMargins,GPESSRRnD20,-6.67695494485088E-0005
INDIA,IntnlMargins,GPESSRRnD20,1.32308830507100E-0003
JAPAN,IntnlMargins,GPESSRRnD20,1.02783809415996E-0003
KOR,IntnlMargins,GPESSRRnD20,1.61350588314235E-0003
MAR,IntnlMargins,GPESSRRnD20,-8.32092482596636E-0004
MDG,IntnlMargins,GPESSRRnD20,9.92188288364559E-0005
MEAS_NAfr,IntnlMargins,GPESSRRnD20,-9.35657182708383E-0004
MEX,IntnlMargins,GPESSRRnD20,-1.99860387510853E-0005
MYS,IntnlMargins,GPESSRRnD20,5.47383329831064E-0004
NGA,IntnlMargins,GPESSRRnD20,-2.11195554584265E-0004
Oceania,IntnlMargins,GPESSRRnD20,2.56109142355854E-0005
Oth_CEE_CIS,IntnlMargins,GPESSRRnD20,1.31013512145728E-0003
Oth_Europe,IntnlMargins,GPESSRRnD20,-8.79247090779245E-0005
PAK,IntnlMargins,GPESSRRnD20,-3.87466396205127E-0004
PHL,IntnlMargins,GPESSRRnD20,-5.89802628383040E-0004
POL,IntnlMargins,GPESSRRnD20,-1.56224647071213E-0003
R_S_Asia,IntnlMargins,GPESSRRnD20,-6.51843321975321E-0004
R_SE_Asia,IntnlMargins,GPESSRRnD20,-3.69858462363482E-0003
Russia,IntnlMargins,GPESSRRnD20,-5.31938974745572E-0004
S_o_Amer,IntnlMargins,GPESSRRnD20,-2.37280240980908E-0004
S_S_AFR,IntnlMargins,GPESSRRnD20,-2.40404173382558E-0004
TUR,IntnlMargins,GPESSRRnD20,1.60403418703936E-0004
USA,IntnlMargins,GPESSRRnD20,2.11554855923168E-0004
VNM,IntnlMargins,GPESSRRnD20,-8.09267396107316E-0004
XAC,IntnlMargins,GPESSRRnD20,-4.94745363539550E-0005
ZAF,IntnlMargins,GPESSRRnD20,1.05134877230739E-0005
World,IntnlMargins,GPESSRRnD20,3.00517313007731E-0005
ARG,Imports,GPESSRRnD20,-3.26716038398445E-0003
BGD,Imports,GPESSRRnD20,-0.04525321722
BRAZIL,Imports,GPESSRRnD20,0.01406207867
C_C_Amer,Imports,GPESSRRnD20,-0.016002839431
CAN,Imports,GPESSRRnD20,0.010664446279
CHIHKG,Imports,GPESSRRnD20,-8.16737860441208E-0003
COL,Imports,GPESSRRnD20,-0.046505369246
E_Asia,Imports,GPESSRRnD20,-5.85496006533503E-0003
EGY,Imports,GPESSRRnD20,-0.017825240269
ETH,Imports,GPESSRRnD20,0.12670892477
EU27,Imports,GPESSRRnD20,-0.01410661079
IDN,Imports,GPESSRRnD20,-0.33264437318
INDIA,Imports,GPESSRRnD20,-0.046971801668
JAPAN,Imports,GPESSRRnD20,-0.02573980391
KOR,Imports,GPESSRRnD20,7.06809572875500E-0004
MAR,Imports,GPESSRRnD20,-0.081469118595
MDG,Imports,GPESSRRnD20,-0.051436211914
MEAS_NAfr,Imports,GPESSRRnD20,-0.084670580924
MEX,Imports,GPESSRRnD20,0.016770161688
MYS,Imports,GPESSRRnD20,-4.52150078490376E-0003
NGA,Imports,GPESSRRnD20,-0.022265743464
Oceania,Imports,GPESSRRnD20,-2.54798424430192E-0003
Oth_CEE_CIS,Imports,GPESSRRnD20,-0.023212350905
Oth_Europe,Imports,GPESSRRnD20,-0.062992490828
PAK,Imports,GPESSRRnD20,-0.092832297087
PHL,Imports,GPESSRRnD20,0.095845654607
POL,Imports,GPESSRRnD20,7.80197791755199E-0003
R_S_Asia,Imports,GPESSRRnD20,-0.029851663858
R_SE_Asia,Imports,GPESSRRnD20,0.035226494074
Russia,Imports,GPESSRRnD20,-0.062574051321
S_o_Amer,Imports,GPESSRRnD20,-0.023154798895
S_S_AFR,Imports,GPESSRRnD20,-0.16596272588
TUR,Imports,GPESSRRnD20,-0.059443026781
USA,Imports,GPESSRRnD20,0.019116150215
VNM,Imports,GPESSRRnD20,0.031913943589
XAC,Imports,GPESSRRnD20,-0.33691057563
ZAF,Imports,GPESSRRnD20,-0.010114921257
World,Imports,GPESSRRnD20,-0.017723735422
ARG,Household,BAU_aESRigid,-0.071013472974
BGD,Household,BAU_aESRigid,-3.0815167427
BRAZIL,Household,BAU_aESRigid,-0.026208866388
C_C_Amer,Household,BAU_aESRigid,-0.39451140165
CAN,Household,BAU_aESRigid,0.23793801665
CHIHKG,Household,BAU_aESRigid,-0.36877936125
COL,Household,BAU_aESRigid,0.27998033166
E_Asia,Household,BAU_aESRigid,0.099999964237
EGY,Household,BAU_aESRigid,-0.66472500563
ETH,Household,BAU_aESRigid,0.36815321445
EU27,Household,BAU_aESRigid,-0.10533671826
IDN,Household,BAU_aESRigid,-0.18722765148
INDIA,Household,BAU_aESRigid,-0.63942831755
JAPAN,Household,BAU_aESRigid,-0.29788267612
KOR,Household,BAU_aESRigid,-0.49812304974
MAR,Household,BAU_aESRigid,0.040190082043
MDG,Household,BAU_aESRigid,-0.60511386395
MEAS_NAfr,Household,BAU_aESRigid,0.5921266675
MEX,Household,BAU_aESRigid,0.10546191782
MYS,Household,BAU_aESRigid,-0.26318535209
NGA,Household,BAU_aESRigid,0.12076250464
Oceania,Household,BAU_aESRigid,0.40088176727
Oth_CEE_CIS,Household,BAU_aESRigid,0.21083834767
Oth_Europe,Household,BAU_aESRigid,0.20841740072
PAK,Household,BAU_aESRigid,-0.1352288872
PHL,Household,BAU_aESRigid,0.17343460023
POL,Household,BAU_aESRigid,-0.23360785842
R_S_Asia,Household,BAU_aESRigid,-0.67820227146
R_SE_Asia,Household,BAU_aESRigid,-0.4828068018
Russia,Household,BAU_aESRigid,0.42777359486
S_o_Amer,Household,BAU_aESRigid,0.19205474854
S_S_AFR,Household,BAU_aESRigid,0.2785230577
TUR,Household,BAU_aESRigid,-0.37517118454
USA,Household,BAU_aESRigid,-0.034714497626
VNM,Household,BAU_aESRigid,0.013837443665
XAC,Household,BAU_aESRigid,1.6451072693
ZAF,Household,BAU_aESRigid,0.025841791183
World,Household,BAU_aESRigid,-0.078194543719
ARG,Investment,BAU_aESRigid,-0.01088892296
BGD,Investment,BAU_aESRigid,-0.015877682716
BRAZIL,Investment,BAU_aESRigid,-0.012748943642
C_C_Amer,Investment,BAU_aESRigid,-9.56373754888773E-0003
CAN,Investment,BAU_aESRigid,-0.01088803634
CHIHKG,Investment,BAU_aESRigid,-0.022853419185
COL,Investment,BAU_aESRigid,-0.019075820222
E_Asia,Investment,BAU_aESRigid,-0.014151010662
EGY,Investment,BAU_aESRigid,-6.16358593106270E-0003
ETH,Investment,BAU_aESRigid,-0.023299496621
EU27,Investment,BAU_aESRigid,-9.75448451936245E-0003
IDN,Investment,BAU_aESRigid,-0.023678684607
INDIA,Investment,BAU_aESRigid,-0.018728500232
JAPAN,Investment,BAU_aESRigid,-0.010471821763
KOR,Investment,BAU_aESRigid,-0.018000971526
MAR,Investment,BAU_aESRigid,-0.028561815619
MDG,Investment,BAU_aESRigid,-6.51264050975442E-0003
MEAS_NAfr,Investment,BAU_aESRigid,-0.01810958609
MEX,Investment,BAU_aESRigid,-0.0111733675
MYS,Investment,BAU_aESRigid,-0.014790247194
NGA,Investment,BAU_aESRigid,-2.89753265678883E-0003
Oceania,Investment,BAU_aESRigid,-0.013614678755
Oth_CEE_CIS,Investment,BAU_aESRigid,-0.014042668045
Oth_Europe,Investment,BAU_aESRigid,-0.017283100635
PAK,Investment,BAU_aESRigid,-0.010001159273
PHL,Investment,BAU_aESRigid,-9.04139690101147E-0003
POL,Investment,BAU_aESRigid,-0.012984549627
R_S_Asia,Investment,BAU_aESRigid,-0.019164346159
R_SE_Asia,Investment,BAU_aESRigid,-0.024287961423
Russia,Investment,BAU_aESRigid,-0.012100609951
S_o_Amer,Investment,BAU_aESRigid,-0.016022976488
S_S_AFR,Investment,BAU_aESRigid,-0.012184231542
TUR,Investment,BAU_aESRigid,-0.011430530809
USA,Investment,BAU_aESRigid,-0.010537467897
VNM,Investment,BAU_aESRigid,-0.015967616811
XAC,Investment,BAU_aESRigid,-1.95638136938214E-0003
ZAF,Investment,BAU_aESRigid,-8.09518434107304E-0003
World,Investment,BAU_aESRigid,-0.014074640349
ARG,Government,BAU_aESRigid,1.41434092074633E-0003
BGD,Government,BAU_aESRigid,0.28116571903
BRAZIL,Government,BAU_aESRigid,0.043670404702
C_C_Amer,Government,BAU_aESRigid,-0.022918809205
CAN,Government,BAU_aESRigid,0.099498704076
CHIHKG,Government,BAU_aESRigid,-0.025615856051
COL,Government,BAU_aESRigid,0.073304325342
E_Asia,Government,BAU_aESRigid,0.053387187421
EGY,Government,BAU_aESRigid,0.043473921716
ETH,Government,BAU_aESRigid,-0.08216509968
EU27,Government,BAU_aESRigid,-0.021937539801
IDN,Government,BAU_aESRigid,0.062914408743
INDIA,Government,BAU_aESRigid,-0.078240141273
JAPAN,Government,BAU_aESRigid,-0.062602728605
KOR,Government,BAU_aESRigid,-0.10142704844
MAR,Government,BAU_aESRigid,-0.043665878475
MDG,Government,BAU_aESRigid,0.12962524593
MEAS_NAfr,Government,BAU_aESRigid,0.25252828002
MEX,Government,BAU_aESRigid,0.033465985209
MYS,Government,BAU_aESRigid,0.04797347635
NGA,Government,BAU_aESRigid,0.068309865892
Oceania,Government,BAU_aESRigid,0.10675842315
Oth_CEE_CIS,Government,BAU_aESRigid,0.089951947331
Oth_Europe,Government,BAU_aESRigid,0.078924261034
PAK,Government,BAU_aESRigid,-0.053436283022
PHL,Government,BAU_aESRigid,-2.88670929148793E-0003
POL,Government,BAU_aESRigid,-0.044450506568
R_S_Asia,Government,BAU_aESRigid,0.026387356222
R_SE_Asia,Government,BAU_aESRigid,-0.079316452146
Russia,Government,BAU_aESRigid,0.12743571401
S_o_Amer,Government,BAU_aESRigid,0.081102862954
S_S_AFR,Government,BAU_aESRigid,0.10875649005
TUR,Government,BAU_aESRigid,-0.053486090153
USA,Government,BAU_aESRigid,5.66209852695465E-0003
VNM,Government,BAU_aESRigid,0.035239376128
XAC,Government,BAU_aESRigid,0.12794002891
ZAF,Government,BAU_aESRigid,0.047118663788
World,Government,BAU_aESRigid,0.016510013491
ARG,Exports,BAU_aESRigid,0.080959990621
BGD,Exports,BAU_aESRigid,0.64009070396
BRAZIL,Exports,BAU_aESRigid,6.46370183676481E-0003
C_C_Amer,Exports,BAU_aESRigid,0.17222099006
CAN,Exports,BAU_aESRigid,-0.21281003952
CHIHKG,Exports,BAU_aESRigid,0.29738265276
COL,Exports,BAU_aESRigid,-0.025133818388
E_Asia,Exports,BAU_aESRigid,-0.045478314161
EGY,Exports,BAU_aESRigid,0.035177752376
ETH,Exports,BAU_aESRigid,-0.3147547245
EU27,Exports,BAU_aESRigid,0.13035842776
IDN,Exports,BAU_aESRigid,-0.15300449729
INDIA,Exports,BAU_aESRigid,0.44419229031
JAPAN,Exports,BAU_aESRigid,0.31041303277
KOR,Exports,BAU_aESRigid,0.50293058157
MAR,Exports,BAU_aESRigid,0.18966342509
MDG,Exports,BAU_aESRigid,-0.54940760136
MEAS_NAfr,Exports,BAU_aESRigid,-0.050511177629
MEX,Exports,BAU_aESRigid,-0.1176995486
MYS,Exports,BAU_aESRigid,-0.16842991114
NGA,Exports,BAU_aESRigid,-0.13586744666
Oceania,Exports,BAU_aESRigid,-0.061757206917
Oth_CEE_CIS,Exports,BAU_aESRigid,-0.22434690595
Oth_Europe,Exports,BAU_aESRigid,-0.24472980201
PAK,Exports,BAU_aESRigid,0.46610888839
PHL,Exports,BAU_aESRigid,0.038106139749
POL,Exports,BAU_aESRigid,0.16078403592
R_S_Asia,Exports,BAU_aESRigid,0.1313278079
R_SE_Asia,Exports,BAU_aESRigid,-0.12234998494
Russia,Exports,BAU_aESRigid,0.034292217344
S_o_Amer,Exports,BAU_aESRigid,-0.1219644919
S_S_AFR,Exports,BAU_aESRigid,-0.14265988767
TUR,Exports,BAU_aESRigid,0.37450283766
USA,Exports,BAU_aESRigid,0.017871361226
VNM,Exports,BAU_aESRigid,-3.28714190982282E-0003
XAC,Exports,BAU_aESRigid,0.33399927616
ZAF,Exports,BAU_aESRigid,-0.046533361077
World,Exports,BAU_aESRigid,0.098052971065
ARG,IntnlMargins,BAU_aESRigid,3.90706845792010E-0004
BGD,IntnlMargins,BAU_aESRigid,1.59642343078303E-0006
BRAZIL,IntnlMargins,BAU_aESRigid,5.07386343088001E-0004
C_C_Amer,IntnlMargins,BAU_aESRigid,2.93900002725422E-0003
CAN,IntnlMargins,BAU_aESRigid,-4.83266136143357E-0004
CHIHKG,IntnlMargins,BAU_aESRigid,3.94480908289552E-0003
COL,IntnlMargins,BAU_aESRigid,-1.21039268560708E-0003
E_Asia,IntnlMargins,BAU_aESRigid,1.85687432531267E-0003
EGY,IntnlMargins,BAU_aESRigid,2.49370280653238E-0003
ETH,IntnlMargins,BAU_aESRigid,-8.97120404988527E-0003
EU27,IntnlMargins,BAU_aESRigid,5.16659487038851E-0003
IDN,IntnlMargins,BAU_aESRigid,1.37661874759942E-0004
INDIA,IntnlMargins,BAU_aESRigid,0.010607720353
JAPAN,IntnlMargins,BAU_aESRigid,0.011784657836
KOR,IntnlMargins,BAU_aESRigid,0.029049133882
MAR,IntnlMargins,BAU_aESRigid,3.38636408559978E-0003
MDG,IntnlMargins,BAU_aESRigid,4.82575327623636E-0004
MEAS_NAfr,IntnlMargins,BAU_aESRigid,-3.82102141156793E-0003
MEX,IntnlMargins,BAU_aESRigid,1.14075046440121E-0004
MYS,IntnlMargins,BAU_aESRigid,4.94718598201871E-0003
NGA,IntnlMargins,BAU_aESRigid,-6.37666147667915E-0004
Oceania,IntnlMargins,BAU_aESRigid,-1.45093037281185E-0003
Oth_CEE_CIS,IntnlMargins,BAU_aESRigid,5.61948632821441E-0004
Oth_Europe,IntnlMargins,BAU_aESRigid,-9.20806196518242E-0004
PAK,IntnlMargins,BAU_aESRigid,-1.09725784568582E-0004
PHL,IntnlMargins,BAU_aESRigid,5.38958702236414E-0004
POL,IntnlMargins,BAU_aESRigid,9.69811808317900E-0003
R_S_Asia,IntnlMargins,BAU_aESRigid,3.13418707810342E-0003
R_SE_Asia,IntnlMargins,BAU_aESRigid,0.055563978851
Russia,IntnlMargins,BAU_aESRigid,-3.37465363554657E-0003
S_o_Amer,IntnlMargins,BAU_aESRigid,-5.06204843986779E-0004
S_S_AFR,IntnlMargins,BAU_aESRigid,-3.56496922904626E-0004
TUR,IntnlMargins,BAU_aESRigid,3.16551025025547E-0003
USA,IntnlMargins,BAU_aESRigid,6.49576249998063E-0004
VNM,IntnlMargins,BAU_aESRigid,-4.85159689560533E-0005
XAC,IntnlMargins,BAU_aESRigid,-2.99116945825517E-0004
ZAF,IntnlMargins,BAU_aESRigid,8.88970898813568E-0005
World,IntnlMargins,BAU_aESRigid,3.40874982066452E-0003
ARG,Imports,BAU_aESRigid,7.57597712799907E-0003
BGD,Imports,BAU_aESRigid,0.017445258796
BRAZIL,Imports,BAU_aESRigid,-0.059261225164
C_C_Amer,Imports,BAU_aESRigid,0.064396217465
CAN,Imports,BAU_aESRigid,-0.11126803607
CHIHKG,Imports,BAU_aESRigid,-0.18514364958
COL,Imports,BAU_aESRigid,-0.25527733564
E_Asia,Imports,BAU_aESRigid,-0.08614192903
EGY,Imports,BAU_aESRigid,0.024331750348
ETH,Imports,BAU_aESRigid,-0.27533513308
EU27,Imports,BAU_aESRigid,-1.25751260202378E-0003
IDN,Imports,BAU_aESRigid,-0.037763878703
INDIA,Imports,BAU_aESRigid,0.093267194927
JAPAN,Imports,BAU_aESRigid,0.015131717548
KOR,Imports,BAU_aESRigid,-0.028426356614
MAR,Imports,BAU_aESRigid,0.077605441213
MDG,Imports,BAU_aESRigid,-0.039728447795
MEAS_NAfr,Imports,BAU_aESRigid,-0.69397294521
MEX,Imports,BAU_aESRigid,-8.32482334226370E-0003
MYS,Imports,BAU_aESRigid,6.65972009301186E-0003
NGA,Imports,BAU_aESRigid,-0.12845468521
Oceania,Imports,BAU_aESRigid,-0.34049502015
Oth_CEE_CIS,Imports,BAU_aESRigid,-0.095560878515
Oth_Europe,Imports,BAU_aESRigid,-0.10831733048
PAK,Imports,BAU_aESRigid,-0.091605961323
PHL,Imports,BAU_aESRigid,0.054591722786
POL,Imports,BAU_aESRigid,0.025165861472
R_S_Asia,Imports,BAU_aESRigid,6.84533361345530E-0003
R_SE_Asia,Imports,BAU_aESRigid,0.46585673094
Russia,Imports,BAU_aESRigid,-0.51519501209
S_o_Amer,Imports,BAU_aESRigid,-0.20596529543
S_S_AFR,Imports,BAU_aESRigid,-0.19695626199
TUR,Imports,BAU_aESRigid,-0.014261588454
USA,Imports,BAU_aESRigid,0.012117741629
VNM,Imports,BAU_aESRigid,-0.12276827544
XAC,Imports,BAU_aESRigid,-0.87371313572
ZAF,Imports,BAU_aESRigid,-0.035519707948
World,Imports,BAU_aESRigid,-0.1046666801
ARG,Household,BAU_aECOLLPS,0.80954253674
BGD,Household,BAU_aECOLLPS,-18.596710205
BRAZIL,Household,BAU_aECOLLPS,-1.930131197
C_C_Amer,Household,BAU_aECOLLPS,-1.9321113825
CAN,Household,BAU_aECOLLPS,0.66075348854
CHIHKG,Household,BAU_aECOLLPS,-3.1341416836
COL,Household,BAU_aECOLLPS,-1.0173773766
E_Asia,Household,BAU_aECOLLPS,-0.98585766554
EGY,Household,BAU_aECOLLPS,-7.5623817444
ETH,Household,BAU_aECOLLPS,-5.0173678398
EU27,Household,BAU_aECOLLPS,-0.57539772987
IDN,Household,BAU_aECOLLPS,-7.542116642
INDIA,Household,BAU_aECOLLPS,-4.6138138771
JAPAN,Household,BAU_aECOLLPS,-1.730419755
KOR,Household,BAU_aECOLLPS,-2.3771531582
MAR,Household,BAU_aECOLLPS,-2.9717640877
MDG,Household,BAU_aECOLLPS,29.139505386
MEAS_NAfr,Household,BAU_aECOLLPS,-1.1683320999
MEX,Household,BAU_aECOLLPS,-0.79967528582
MYS,Household,BAU_aECOLLPS,-3.5954709053
NGA,Household,BAU_aECOLLPS,-8.8054018021
Oceania,Household,BAU_aECOLLPS,0.86244237423
Oth_CEE_CIS,Household,BAU_aECOLLPS,-0.38937491179
Oth_Europe,Household,BAU_aECOLLPS,-0.14005708694
PAK,Household,BAU_aECOLLPS,-16.960882187
PHL,Household,BAU_aECOLLPS,-10.778129578
POL,Household,BAU_aECOLLPS,-1.0680134296
R_S_Asia,Household,BAU_aECOLLPS,-7.0902199745
R_SE_Asia,Household,BAU_aECOLLPS,-4.0223360062
Russia,Household,BAU_aECOLLPS,0.25835132599
S_o_Amer,Household,BAU_aECOLLPS,-1.7826360464
S_S_AFR,Household,BAU_aECOLLPS,-11.260264397
TUR,Household,BAU_aECOLLPS,-3.5319170952
USA,Household,BAU_aECOLLPS,0.063544154167
VNM,Household,BAU_aECOLLPS,-15.04690361
XAC,Household,BAU_aECOLLPS,-21.965932846
ZAF,Household,BAU_aECOLLPS,0.91433674097
World,Household,BAU_aECOLLPS,-1.8518843651
ARG,Investment,BAU_aECOLLPS,-0.27136942744
BGD,Investment,BAU_aECOLLPS,-0.36329713464
BRAZIL,Investment,BAU_aECOLLPS,-0.3254686296
C_C_Amer,Investment,BAU_aECOLLPS,-0.2435991466
CAN,Investment,BAU_aECOLLPS,-0.27423647046
CHIHKG,Investment,BAU_aECOLLPS,-0.57389205694
COL,Investment,BAU_aECOLLPS,-0.4867117703
E_Asia,Investment,BAU_aECOLLPS,-0.36417654157
EGY,Investment,BAU_aECOLLPS,-0.14876937866
ETH,Investment,BAU_aECOLLPS,-0.55914849043
EU27,Investment,BAU_aECOLLPS,-0.24815641344
IDN,Investment,BAU_aECOLLPS,-0.57957744598
INDIA,Investment,BAU_aECOLLPS,-0.45777708292
JAPAN,Investment,BAU_aECOLLPS,-0.26848292351
KOR,Investment,BAU_aECOLLPS,-0.46102207899
MAR,Investment,BAU_aECOLLPS,-0.70003199577
MDG,Investment,BAU_aECOLLPS,-0.37641945481
MEAS_NAfr,Investment,BAU_aECOLLPS,-0.4545570612
MEX,Investment,BAU_aECOLLPS,-0.28314420581
MYS,Investment,BAU_aECOLLPS,-0.37648615241
NGA,Investment,BAU_aECOLLPS,-0.068052880466
Oceania,Investment,BAU_aECOLLPS,-0.34304007888
Oth_CEE_CIS,Investment,BAU_aECOLLPS,-0.34815344214
Oth_Europe,Investment,BAU_aECOLLPS,-0.43772384524
PAK,Investment,BAU_aECOLLPS,-0.2552818954
PHL,Investment,BAU_aECOLLPS,-0.21984957159
POL,Investment,BAU_aECOLLPS,-0.32974538207
R_S_Asia,Investment,BAU_aECOLLPS,-0.46313241124
R_SE_Asia,Investment,BAU_aECOLLPS,-0.61656945944
Russia,Investment,BAU_aECOLLPS,-0.30513700843
S_o_Amer,Investment,BAU_aECOLLPS,-0.40006616712
S_S_AFR,Investment,BAU_aECOLLPS,-0.28279420733
TUR,Investment,BAU_aECOLLPS,-0.29074046016
USA,Investment,BAU_aECOLLPS,-0.26803705096
VNM,Investment,BAU_aECOLLPS,-0.38486087322
XAC,Investment,BAU_aECOLLPS,-0.078958883882
ZAF,Investment,BAU_aECOLLPS,-0.202945292
World,Investment,BAU_aECOLLPS,-0.35709708929
ARG,Government,BAU_aECOLLPS,0.71931290627
BGD,Government,BAU_aECOLLPS,0.56588917971
BRAZIL,Government,BAU_aECOLLPS,0.96963095665
C_C_Amer,Government,BAU_aECOLLPS,0.29603898525
CAN,Government,BAU_aECOLLPS,0.49638324976
CHIHKG,Government,BAU_aECOLLPS,-0.13172850013
COL,Government,BAU_aECOLLPS,0.20047287643
E_Asia,Government,BAU_aECOLLPS,0.046155534685
EGY,Government,BAU_aECOLLPS,0.068975932896
ETH,Government,BAU_aECOLLPS,-0.093714423478
EU27,Government,BAU_aECOLLPS,0.14027771354
IDN,Government,BAU_aECOLLPS,2.12897546589375E-0004
INDIA,Government,BAU_aECOLLPS,0.36721405387
JAPAN,Government,BAU_aECOLLPS,-0.20283806324
KOR,Government,BAU_aECOLLPS,-0.3941154182
MAR,Government,BAU_aECOLLPS,0.77488082647
MDG,Government,BAU_aECOLLPS,6.7591962814
MEAS_NAfr,Government,BAU_aECOLLPS,0.32469987869
MEX,Government,BAU_aECOLLPS,0.14676566422
MYS,Government,BAU_aECOLLPS,0.18504971266
NGA,Government,BAU_aECOLLPS,0.75348740816
Oceania,Government,BAU_aECOLLPS,0.30273216963
Oth_CEE_CIS,Government,BAU_aECOLLPS,0.60735809803
Oth_Europe,Government,BAU_aECOLLPS,0.20952390134
PAK,Government,BAU_aECOLLPS,-0.36102989316
PHL,Government,BAU_aECOLLPS,0.19531200826
POL,Government,BAU_aECOLLPS,2.45439307764173E-0003
R_S_Asia,Government,BAU_aECOLLPS,0.38662481308
R_SE_Asia,Government,BAU_aECOLLPS,-0.21624444425
Russia,Government,BAU_aECOLLPS,0.28878754377
S_o_Amer,Government,BAU_aECOLLPS,0.64459979534
S_S_AFR,Government,BAU_aECOLLPS,1.5092813969
TUR,Government,BAU_aECOLLPS,-0.16223040223
USA,Government,BAU_aECOLLPS,0.13253436983
VNM,Government,BAU_aECOLLPS,-0.23261830211
XAC,Government,BAU_aECOLLPS,3.9600112438
ZAF,Government,BAU_aECOLLPS,0.89532500505
World,Government,BAU_aECOLLPS,0.19438372552
ARG,Exports,BAU_aECOLLPS,-3.4146230221
BGD,Exports,BAU_aECOLLPS,3.7659459114
BRAZIL,Exports,BAU_aECOLLPS,-0.80681824684
C_C_Amer,Exports,BAU_aECOLLPS,-0.70135462284
CAN,Exports,BAU_aECOLLPS,-1.0942190886
CHIHKG,Exports,BAU_aECOLLPS,1.1760246754
COL,Exports,BAU_aECOLLPS,-0.18388415873
E_Asia,Exports,BAU_aECOLLPS,0.24761880934
EGY,Exports,BAU_aECOLLPS,1.487657547
ETH,Exports,BAU_aECOLLPS,-1.021669507
EU27,Exports,BAU_aECOLLPS,0.54220533371
IDN,Exports,BAU_aECOLLPS,0.18665143847
INDIA,Exports,BAU_aECOLLPS,-0.5578045845
JAPAN,Exports,BAU_aECOLLPS,1.5679169893
KOR,Exports,BAU_aECOLLPS,3.307798624
MAR,Exports,BAU_aECOLLPS,-0.55070340633
MDG,Exports,BAU_aECOLLPS,-12.692497253
MEAS_NAfr,Exports,BAU_aECOLLPS,0.12704490125
MEX,Exports,BAU_aECOLLPS,-0.018344651908
MYS,Exports,BAU_aECOLLPS,-4.1746845245
NGA,Exports,BAU_aECOLLPS,-0.1176276803
Oceania,Exports,BAU_aECOLLPS,-0.4463840127
Oth_CEE_CIS,Exports,BAU_aECOLLPS,-1.5843324661
Oth_Europe,Exports,BAU_aECOLLPS,-0.57077401876
PAK,Exports,BAU_aECOLLPS,1.3540623188
PHL,Exports,BAU_aECOLLPS,2.7934877872
POL,Exports,BAU_aECOLLPS,0.56670606136
R_S_Asia,Exports,BAU_aECOLLPS,0.65199333429
R_SE_Asia,Exports,BAU_aECOLLPS,-3.8463344574
Russia,Exports,BAU_aECOLLPS,0.13386537135
S_o_Amer,Exports,BAU_aECOLLPS,-0.38829085231
S_S_AFR,Exports,BAU_aECOLLPS,-0.81568229198
TUR,Exports,BAU_aECOLLPS,1.8251889944
USA,Exports,BAU_aECOLLPS,-0.26099988818
VNM,Exports,BAU_aECOLLPS,3.995392561
XAC,Exports,BAU_aECOLLPS,1.1865161657
ZAF,Exports,BAU_aECOLLPS,-1.3449064493
World,Exports,BAU_aECOLLPS,0.24061067402
ARG,IntnlMargins,BAU_aECOLLPS,-1.82566669536754E-0004
BGD,IntnlMargins,BAU_aECOLLPS,4.68952475785045E-0006
BRAZIL,IntnlMargins,BAU_aECOLLPS,0.013437651098
C_C_Amer,IntnlMargins,BAU_aECOLLPS,5.13712689280510E-0003
CAN,IntnlMargins,BAU_aECOLLPS,-5.38384029641747E-0003
CHIHKG,IntnlMargins,BAU_aECOLLPS,0.020222274587
COL,IntnlMargins,BAU_aECOLLPS,2.81231384724379E-0003
E_Asia,IntnlMargins,BAU_aECOLLPS,5.96077460795641E-0003
EGY,IntnlMargins,BAU_aECOLLPS,0.016255125403
ETH,IntnlMargins,BAU_aECOLLPS,-0.11010012776
EU27,IntnlMargins,BAU_aECOLLPS,-1.78973993752152E-0003
IDN,IntnlMargins,BAU_aECOLLPS,1.46853702608496E-0003
INDIA,IntnlMargins,BAU_aECOLLPS,0.033227484673
JAPAN,IntnlMargins,BAU_aECOLLPS,0.015033327974
KOR,IntnlMargins,BAU_aECOLLPS,7.13874818757176E-0003
MAR,IntnlMargins,BAU_aECOLLPS,-9.00117214769125E-0003
MDG,IntnlMargins,BAU_aECOLLPS,-0.052156463265
MEAS_NAfr,IntnlMargins,BAU_aECOLLPS,-1.69268634635955E-0003
MEX,IntnlMargins,BAU_aECOLLPS,1.70956496731378E-0004
MYS,IntnlMargins,BAU_aECOLLPS,0.11339976639
NGA,IntnlMargins,BAU_aECOLLPS,5.75829762965441E-0003
Oceania,IntnlMargins,BAU_aECOLLPS,-5.77830011025071E-0003
Oth_CEE_CIS,IntnlMargins,BAU_aECOLLPS,-0.011874987744
Oth_Europe,IntnlMargins,BAU_aECOLLPS,-2.15541291981935E-0003
PAK,IntnlMargins,BAU_aECOLLPS,0.021523797885
PHL,IntnlMargins,BAU_aECOLLPS,0.034273859113
POL,IntnlMargins,BAU_aECOLLPS,7.04400241374969E-0003
R_S_Asia,IntnlMargins,BAU_aECOLLPS,0.018371509388
R_SE_Asia,IntnlMargins,BAU_aECOLLPS,0.29151538014
Russia,IntnlMargins,BAU_aECOLLPS,-7.48381484299898E-0003
S_o_Amer,IntnlMargins,BAU_aECOLLPS,0.038713872433
S_S_AFR,IntnlMargins,BAU_aECOLLPS,0.044954791665
TUR,IntnlMargins,BAU_aECOLLPS,0.016047786921
USA,IntnlMargins,BAU_aECOLLPS,-2.13808566331863E-0003
VNM,IntnlMargins,BAU_aECOLLPS,0.048098418862
XAC,IntnlMargins,BAU_aECOLLPS,1.58642861060798E-0003
ZAF,IntnlMargins,BAU_aECOLLPS,-5.83983492106199E-0004
World,IntnlMargins,BAU_aECOLLPS,9.18124429881573E-0003
ARG,Imports,BAU_aECOLLPS,-0.30309724808
BGD,Imports,BAU_aECOLLPS,-1.0450972319
BRAZIL,Imports,BAU_aECOLLPS,-1.5447895527
C_C_Amer,Imports,BAU_aECOLLPS,0.02822509408
CAN,Imports,BAU_aECOLLPS,-0.41907003522
CHIHKG,Imports,BAU_aECOLLPS,-0.48308414221
COL,Imports,BAU_aECOLLPS,-0.34750574827
E_Asia,Imports,BAU_aECOLLPS,0.84358114004
EGY,Imports,BAU_aECOLLPS,1.9940476418
ETH,Imports,BAU_aECOLLPS,-5.2558932304
EU27,Imports,BAU_aECOLLPS,-0.22312049568
IDN,Imports,BAU_aECOLLPS,1.1208363771
INDIA,Imports,BAU_aECOLLPS,1.2995222807
JAPAN,Imports,BAU_aECOLLPS,0.056640189141
KOR,Imports,BAU_aECOLLPS,-1.164421916
MAR,Imports,BAU_aECOLLPS,0.81837803125
MDG,Imports,BAU_aECOLLPS,-41.960746765
MEAS_NAfr,Imports,BAU_aECOLLPS,-0.020548716187
MEX,Imports,BAU_aECOLLPS,0.10534192622
MYS,Imports,BAU_aECOLLPS,3.593978405
NGA,Imports,BAU_aECOLLPS,-0.31231364608
Oceania,Imports,BAU_aECOLLPS,-0.9523101449
Oth_CEE_CIS,Imports,BAU_aECOLLPS,-0.33682030439
Oth_Europe,Imports,BAU_aECOLLPS,-0.17256346345
PAK,Imports,BAU_aECOLLPS,2.3585040569
PHL,Imports,BAU_aECOLLPS,0.044921327382
POL,Imports,BAU_aECOLLPS,0.070022769272
R_S_Asia,Imports,BAU_aECOLLPS,1.3950009346
R_SE_Asia,Imports,BAU_aECOLLPS,4.7859215736
Russia,Imports,BAU_aECOLLPS,-0.78679788113
S_o_Amer,Imports,BAU_aECOLLPS,-1.4660648108
S_S_AFR,Imports,BAU_aECOLLPS,1.4807505608
TUR,Imports,BAU_aECOLLPS,0.10207232088
USA,Imports,BAU_aECOLLPS,-0.11289180815
VNM,Imports,BAU_aECOLLPS,2.9706954956
XAC,Imports,BAU_aECOLLPS,-3.0429637432
ZAF,Imports,BAU_aECOLLPS,-0.53651481867
World,Imports,BAU_aECOLLPS,-0.25886768103
