ACOM,AREG,AREG,TRADERES,SCEN,Value
AgrFishFor,HighIncome,HighIncome,qxs,BAU,13.388415337
MinManuf,HighIncome,HighIncome,qxs,BAU,24.052606583
Services,HighIncome,HighIncome,qxs,BAU,43.948116302
AgrFishFor,MidIncome,HighIncome,qxs,BAU,31.815620422
MinManuf,MidIncome,HighIncome,qxs,BAU,37.842273712
Services,MidIncome,HighIncome,qxs,BAU,31.125095367
AgrFishFor,LowIncome,HighIncome,qxs,BAU,27.604700089
MinManuf,LowIncome,HighIncome,qxs,BAU,4.945494175
Services,LowIncome,HighIncome,qxs,BAU,13.538360596
AgrFishFor,HighIncome,MidIncome,qxs,BAU,-1.5949399471
MinManuf,HighIncome,MidIncome,qxs,BAU,27.269735336
Services,HighIncome,MidIncome,qxs,BAU,47.699462891
AgrFishFor,MidIncome,MidIncome,qxs,BAU,21.913215637
MinManuf,MidIncome,MidIncome,qxs,BAU,39.179218292
Services,MidIncome,MidIncome,qxs,BAU,35.657539368
AgrFishFor,LowIncome,MidIncome,qxs,BAU,19.056816101
MinManuf,LowIncome,MidIncome,qxs,BAU,10.004825592
Services,LowIncome,MidIncome,qxs,BAU,15.847754478
AgrFishFor,HighIncome,LowIncome,qxs,BAU,-7.1791033745
MinManuf,HighIncome,LowIncome,qxs,BAU,15.179605484
Services,HighIncome,LowIncome,qxs,BAU,35.773696899
AgrFishFor,MidIncome,LowIncome,qxs,BAU,12.319439888
MinManuf,MidIncome,LowIncome,qxs,BAU,24.633691788
Services,MidIncome,LowIncome,qxs,BAU,24.404315948
AgrFishFor,LowIncome,LowIncome,qxs,BAU,10.463500977
MinManuf,LowIncome,LowIncome,qxs,BAU,3.6130805016
Services,LowIncome,LowIncome,qxs,BAU,7.3859581947
AgrFishFor,HighIncome,HighIncome,pfob,BAU,-1.5949882269
MinManuf,HighIncome,HighIncome,pfob,BAU,-5.3946232796
Services,HighIncome,HighIncome,pfob,BAU,-11.424606323
AgrFishFor,MidIncome,HighIncome,pfob,BAU,-6.6682720184
MinManuf,MidIncome,HighIncome,pfob,BAU,-7.8057365417
Services,MidIncome,HighIncome,pfob,BAU,-9.4315423965
AgrFishFor,LowIncome,HighIncome,pfob,BAU,-7.6734318733
MinManuf,LowIncome,HighIncome,pfob,BAU,-7.2209377289
Services,LowIncome,HighIncome,pfob,BAU,-5.9726023674
AgrFishFor,HighIncome,MidIncome,pfob,BAU,2.7915239334
MinManuf,HighIncome,MidIncome,pfob,BAU,-7.3904938698
Services,HighIncome,MidIncome,pfob,BAU,-11.6095438
AgrFishFor,MidIncome,MidIncome,pfob,BAU,-6.4731340408
MinManuf,MidIncome,MidIncome,pfob,BAU,-5.9333443642
Services,MidIncome,MidIncome,pfob,BAU,-9.6800737381
AgrFishFor,LowIncome,MidIncome,pfob,BAU,-7.6997156143
MinManuf,LowIncome,MidIncome,pfob,BAU,-6.7200989723
Services,LowIncome,MidIncome,pfob,BAU,-5.9548258781
AgrFishFor,HighIncome,LowIncome,pfob,BAU,-2.7109799385
MinManuf,HighIncome,LowIncome,pfob,BAU,-6.9384016991
Services,HighIncome,LowIncome,pfob,BAU,-11.61054039
AgrFishFor,MidIncome,LowIncome,pfob,BAU,-6.7030735016
MinManuf,MidIncome,LowIncome,pfob,BAU,-6.2840867043
Services,MidIncome,LowIncome,pfob,BAU,-9.5896244049
AgrFishFor,LowIncome,LowIncome,pfob,BAU,-7.6421375275
MinManuf,LowIncome,LowIncome,pfob,BAU,-6.8386297226
Services,LowIncome,LowIncome,pfob,BAU,-6.0902986526
AgrFishFor,HighIncome,HighIncome,qxs,BAU_noES,12.343432426
MinManuf,HighIncome,HighIncome,qxs,BAU_noES,13.002470016
Services,HighIncome,HighIncome,qxs,BAU_noES,72.876968384
AgrFishFor,MidIncome,HighIncome,qxs,BAU_noES,57.236209869
MinManuf,MidIncome,HighIncome,qxs,BAU_noES,44.16493988
Services,MidIncome,HighIncome,qxs,BAU_noES,44.171497345
AgrFishFor,LowIncome,HighIncome,qxs,BAU_noES,38.514591217
MinManuf,LowIncome,HighIncome,qxs,BAU_noES,4.9404621124
Services,LowIncome,HighIncome,qxs,BAU_noES,9.2362880707
AgrFishFor,HighIncome,MidIncome,qxs,BAU_noES,-0.42905914783
MinManuf,HighIncome,MidIncome,qxs,BAU_noES,23.878553391
Services,HighIncome,MidIncome,qxs,BAU_noES,90.113525391
AgrFishFor,MidIncome,MidIncome,qxs,BAU_noES,43.133308411
MinManuf,MidIncome,MidIncome,qxs,BAU_noES,59.11233902
Services,MidIncome,MidIncome,qxs,BAU_noES,61.964736938
AgrFishFor,LowIncome,MidIncome,qxs,BAU_noES,33.577270508
MinManuf,LowIncome,MidIncome,qxs,BAU_noES,22.730230331
Services,LowIncome,MidIncome,qxs,BAU_noES,22.710140228
AgrFishFor,HighIncome,LowIncome,qxs,BAU_noES,-9.2784500122
MinManuf,HighIncome,LowIncome,qxs,BAU_noES,6.0695948601
Services,HighIncome,LowIncome,qxs,BAU_noES,69.48991394
AgrFishFor,MidIncome,LowIncome,qxs,BAU_noES,26.790904999
MinManuf,MidIncome,LowIncome,qxs,BAU_noES,35.004554749
Services,MidIncome,LowIncome,qxs,BAU_noES,42.33587265
AgrFishFor,LowIncome,LowIncome,qxs,BAU_noES,10.853000641
MinManuf,LowIncome,LowIncome,qxs,BAU_noES,3.8158359528
Services,LowIncome,LowIncome,qxs,BAU_noES,7.9455184937
AgrFishFor,HighIncome,HighIncome,pfob,BAU_noES,0.88416659832
MinManuf,HighIncome,HighIncome,pfob,BAU_noES,7.8900489807
Services,HighIncome,HighIncome,pfob,BAU_noES,-19.119749069
AgrFishFor,MidIncome,HighIncome,pfob,BAU_noES,-9.8771276474
MinManuf,MidIncome,HighIncome,pfob,BAU_noES,1.37750094290823E-0003
Services,MidIncome,HighIncome,pfob,BAU_noES,-15.980900764
AgrFishFor,LowIncome,HighIncome,pfob,BAU_noES,-8.3225479126
MinManuf,LowIncome,HighIncome,pfob,BAU_noES,-4.3240695
Services,LowIncome,HighIncome,pfob,BAU_noES,-9.6638936996
AgrFishFor,HighIncome,MidIncome,pfob,BAU_noES,5.2868309021
MinManuf,HighIncome,MidIncome,pfob,BAU_noES,2.8439116478
Services,HighIncome,MidIncome,pfob,BAU_noES,-19.714399338
AgrFishFor,MidIncome,MidIncome,pfob,BAU_noES,-7.8114728928
MinManuf,MidIncome,MidIncome,pfob,BAU_noES,6.4421010017
Services,MidIncome,MidIncome,pfob,BAU_noES,-16.027954102
AgrFishFor,LowIncome,MidIncome,pfob,BAU_noES,-6.9830083847
MinManuf,LowIncome,MidIncome,pfob,BAU_noES,-0.81612282991
Services,LowIncome,MidIncome,pfob,BAU_noES,-9.6472454071
AgrFishFor,HighIncome,LowIncome,pfob,BAU_noES,-2.5273370743
MinManuf,HighIncome,LowIncome,pfob,BAU_noES,-0.25009596348
Services,HighIncome,LowIncome,pfob,BAU_noES,-19.756746292
AgrFishFor,MidIncome,LowIncome,pfob,BAU_noES,-8.3681163788
MinManuf,MidIncome,LowIncome,pfob,BAU_noES,1.8086020947
Services,MidIncome,LowIncome,pfob,BAU_noES,-16.020814896
AgrFishFor,LowIncome,LowIncome,pfob,BAU_noES,-8.4259700775
MinManuf,LowIncome,LowIncome,pfob,BAU_noES,-3.0709209442
Services,LowIncome,LowIncome,pfob,BAU_noES,-9.7916345596
AgrFishFor,HighIncome,HighIncome,qxs,BAU_aES,-0.26814436913
MinManuf,HighIncome,HighIncome,qxs,BAU_aES,-1.5013526678
Services,HighIncome,HighIncome,qxs,BAU_aES,0.68775683641
AgrFishFor,MidIncome,HighIncome,qxs,BAU_aES,0.14941753447
MinManuf,MidIncome,HighIncome,qxs,BAU_aES,-0.16023944318
Services,MidIncome,HighIncome,qxs,BAU_aES,0.1347758472
AgrFishFor,LowIncome,HighIncome,qxs,BAU_aES,0.79012858868
MinManuf,LowIncome,HighIncome,qxs,BAU_aES,0.085483118892
Services,LowIncome,HighIncome,qxs,BAU_aES,-0.41916123033
AgrFishFor,HighIncome,MidIncome,qxs,BAU_aES,1.1562572718
MinManuf,HighIncome,MidIncome,qxs,BAU_aES,-0.67608225346
Services,HighIncome,MidIncome,qxs,BAU_aES,1.2486100197
AgrFishFor,MidIncome,MidIncome,qxs,BAU_aES,-0.18340738118
MinManuf,MidIncome,MidIncome,qxs,BAU_aES,0.78531855345
Services,MidIncome,MidIncome,qxs,BAU_aES,0.84086954594
AgrFishFor,LowIncome,MidIncome,qxs,BAU_aES,0.88923925161
MinManuf,LowIncome,MidIncome,qxs,BAU_aES,0.76936298609
Services,LowIncome,MidIncome,qxs,BAU_aES,0.53001099825
AgrFishFor,HighIncome,LowIncome,qxs,BAU_aES,0.59904980659
MinManuf,HighIncome,LowIncome,qxs,BAU_aES,-1.1855425835
Services,HighIncome,LowIncome,qxs,BAU_aES,0.93131864071
AgrFishFor,MidIncome,LowIncome,qxs,BAU_aES,-1.2042199373
MinManuf,MidIncome,LowIncome,qxs,BAU_aES,0.11016438156
Services,MidIncome,LowIncome,qxs,BAU_aES,0.40606492758
AgrFishFor,LowIncome,LowIncome,qxs,BAU_aES,0.53278702497
MinManuf,LowIncome,LowIncome,qxs,BAU_aES,-9.08463262021542E-0003
Services,LowIncome,LowIncome,qxs,BAU_aES,-0.067749381065
AgrFishFor,HighIncome,HighIncome,pfob,BAU_aES,0.11353899539
MinManuf,HighIncome,HighIncome,pfob,BAU_aES,1.3213803768
Services,HighIncome,HighIncome,pfob,BAU_aES,-0.35062906146
AgrFishFor,MidIncome,HighIncome,pfob,BAU_aES,-0.01814105548
MinManuf,MidIncome,HighIncome,pfob,BAU_aES,0.9307885766
Services,MidIncome,HighIncome,pfob,BAU_aES,-0.29368829727
AgrFishFor,LowIncome,HighIncome,pfob,BAU_aES,-0.27734154463
MinManuf,LowIncome,HighIncome,pfob,BAU_aES,0.50442832708
Services,LowIncome,HighIncome,pfob,BAU_aES,-0.14225548506
AgrFishFor,HighIncome,MidIncome,pfob,BAU_aES,-0.21103784442
MinManuf,HighIncome,MidIncome,pfob,BAU_aES,1.1385784149
Services,HighIncome,MidIncome,pfob,BAU_aES,-0.39370369911
AgrFishFor,MidIncome,MidIncome,pfob,BAU_aES,0.15597507358
MinManuf,MidIncome,MidIncome,pfob,BAU_aES,1.1989308596
Services,MidIncome,MidIncome,pfob,BAU_aES,-0.24415059388
AgrFishFor,LowIncome,MidIncome,pfob,BAU_aES,-0.30180293322
MinManuf,LowIncome,MidIncome,pfob,BAU_aES,0.75088572502
Services,LowIncome,MidIncome,pfob,BAU_aES,-0.14096270502
AgrFishFor,HighIncome,LowIncome,pfob,BAU_aES,0.18959245086
MinManuf,HighIncome,LowIncome,pfob,BAU_aES,0.88581448793
Services,HighIncome,LowIncome,pfob,BAU_aES,-0.39690694213
AgrFishFor,MidIncome,LowIncome,pfob,BAU_aES,0.48377734423
MinManuf,MidIncome,LowIncome,pfob,BAU_aES,0.95687025785
Services,MidIncome,LowIncome,pfob,BAU_aES,-0.26210904121
AgrFishFor,LowIncome,LowIncome,pfob,BAU_aES,-0.37401646376
MinManuf,LowIncome,LowIncome,pfob,BAU_aES,0.58690536022
Services,LowIncome,LowIncome,pfob,BAU_aES,-0.1368329823
AgrFishFor,HighIncome,HighIncome,qxs,GlOBPES,-0.45754662156
MinManuf,HighIncome,HighIncome,qxs,GlOBPES,-0.068437218666
Services,HighIncome,HighIncome,qxs,GlOBPES,0.04579494521
AgrFishFor,MidIncome,HighIncome,qxs,GlOBPES,0.46231627464
MinManuf,MidIncome,HighIncome,qxs,GlOBPES,-0.012624024414
Services,MidIncome,HighIncome,qxs,GlOBPES,-0.10012046248
AgrFishFor,LowIncome,HighIncome,qxs,GlOBPES,0.98449498415
MinManuf,LowIncome,HighIncome,qxs,GlOBPES,0.23544961214
Services,LowIncome,HighIncome,qxs,GlOBPES,0.192014575
AgrFishFor,HighIncome,MidIncome,qxs,GlOBPES,-1.9784027338
MinManuf,HighIncome,MidIncome,qxs,GlOBPES,-9.28150583058596E-0003
Services,HighIncome,MidIncome,qxs,GlOBPES,0.093832924962
AgrFishFor,MidIncome,MidIncome,qxs,GlOBPES,0.21413899958
MinManuf,MidIncome,MidIncome,qxs,GlOBPES,7.15843561920337E-0005
Services,MidIncome,MidIncome,qxs,GlOBPES,-0.047234393656
AgrFishFor,LowIncome,MidIncome,qxs,GlOBPES,0.24406914413
MinManuf,LowIncome,MidIncome,qxs,GlOBPES,0.15521368384
Services,LowIncome,MidIncome,qxs,GlOBPES,0.26045322418
AgrFishFor,HighIncome,LowIncome,qxs,GlOBPES,-1.7605241537
MinManuf,HighIncome,LowIncome,qxs,GlOBPES,-0.13842271268
Services,HighIncome,LowIncome,qxs,GlOBPES,-0.098484702408
AgrFishFor,MidIncome,LowIncome,qxs,GlOBPES,0.050047967583
MinManuf,MidIncome,LowIncome,qxs,GlOBPES,-0.089064531028
Services,MidIncome,LowIncome,qxs,GlOBPES,-0.25223019719
AgrFishFor,LowIncome,LowIncome,qxs,GlOBPES,5.54962735623121E-0003
MinManuf,LowIncome,LowIncome,qxs,GlOBPES,0.084251992404
Services,LowIncome,LowIncome,qxs,GlOBPES,0.050879530609
AgrFishFor,HighIncome,HighIncome,pfob,GlOBPES,0.13970509171
MinManuf,HighIncome,HighIncome,pfob,GlOBPES,0.054495684803
Services,HighIncome,HighIncome,pfob,GlOBPES,0.015528231859
AgrFishFor,MidIncome,HighIncome,pfob,GlOBPES,-0.21093605459
MinManuf,MidIncome,HighIncome,pfob,GlOBPES,0.043070014566
Services,MidIncome,HighIncome,pfob,GlOBPES,0.044411655515
AgrFishFor,LowIncome,HighIncome,pfob,GlOBPES,-0.3711360395
MinManuf,LowIncome,HighIncome,pfob,GlOBPES,1.49434257764369E-0004
Services,LowIncome,HighIncome,pfob,GlOBPES,-0.031167047098
AgrFishFor,HighIncome,MidIncome,pfob,GlOBPES,0.08646119386
MinManuf,HighIncome,MidIncome,pfob,GlOBPES,0.047656908631
Services,HighIncome,MidIncome,pfob,GlOBPES,0.010934123769
AgrFishFor,MidIncome,MidIncome,pfob,GlOBPES,-0.44408991933
MinManuf,MidIncome,MidIncome,pfob,GlOBPES,0.042502738535
Services,MidIncome,MidIncome,pfob,GlOBPES,0.04900900647
AgrFishFor,LowIncome,MidIncome,pfob,GlOBPES,-0.58560287952
MinManuf,LowIncome,MidIncome,pfob,GlOBPES,7.79866380617022E-0003
Services,LowIncome,MidIncome,pfob,GlOBPES,-0.03024267219
AgrFishFor,HighIncome,LowIncome,pfob,GlOBPES,0.13066573441
MinManuf,HighIncome,LowIncome,pfob,GlOBPES,0.03890844807
Services,HighIncome,LowIncome,pfob,GlOBPES,9.64398588985205E-0003
AgrFishFor,MidIncome,LowIncome,pfob,GlOBPES,-0.35360667109
MinManuf,MidIncome,LowIncome,pfob,GlOBPES,0.038370981812
Services,MidIncome,LowIncome,pfob,GlOBPES,0.048697195947
AgrFishFor,LowIncome,LowIncome,pfob,GlOBPES,-0.3212313354
MinManuf,LowIncome,LowIncome,pfob,GlOBPES,2.89487070403993E-0004
Services,LowIncome,LowIncome,pfob,GlOBPES,-0.02851638943
AgrFishFor,HighIncome,HighIncome,qxs,NATPES,-0.48113447428
MinManuf,HighIncome,HighIncome,qxs,NATPES,0.039025679231
Services,HighIncome,HighIncome,qxs,NATPES,0.018088577315
AgrFishFor,MidIncome,HighIncome,qxs,NATPES,0.44035565853
MinManuf,MidIncome,HighIncome,qxs,NATPES,-0.022205978632
Services,MidIncome,HighIncome,qxs,NATPES,-0.11461605132
AgrFishFor,LowIncome,HighIncome,qxs,NATPES,0.10977896303
MinManuf,LowIncome,HighIncome,qxs,NATPES,-0.031124807894
Services,LowIncome,HighIncome,qxs,NATPES,-0.036075744778
AgrFishFor,HighIncome,MidIncome,qxs,NATPES,-1.5187443495
MinManuf,HighIncome,MidIncome,qxs,NATPES,0.057140309364
Services,HighIncome,MidIncome,qxs,NATPES,0.15711055696
AgrFishFor,MidIncome,MidIncome,qxs,NATPES,0.20525407791
MinManuf,MidIncome,MidIncome,qxs,NATPES,0.032190702856
Services,MidIncome,MidIncome,qxs,NATPES,1.03355047758669E-0003
AgrFishFor,LowIncome,MidIncome,qxs,NATPES,-0.12952680886
MinManuf,LowIncome,MidIncome,qxs,NATPES,0.03240404278
Services,LowIncome,MidIncome,qxs,NATPES,0.091050803661
AgrFishFor,HighIncome,LowIncome,qxs,NATPES,-0.6931193471
MinManuf,HighIncome,LowIncome,qxs,NATPES,3.79863101989031E-0003
Services,HighIncome,LowIncome,qxs,NATPES,0.085164740682
AgrFishFor,MidIncome,LowIncome,qxs,NATPES,0.35508692265
MinManuf,MidIncome,LowIncome,qxs,NATPES,4.48171020252630E-0004
Services,MidIncome,LowIncome,qxs,NATPES,-0.077983848751
AgrFishFor,LowIncome,LowIncome,qxs,NATPES,-0.086492165923
MinManuf,LowIncome,LowIncome,qxs,NATPES,4.28371410816908E-0003
Services,LowIncome,LowIncome,qxs,NATPES,0.015717238188
AgrFishFor,HighIncome,HighIncome,pfob,NATPES,-0.18150061369
MinManuf,HighIncome,HighIncome,pfob,NATPES,0.047529093921
Services,HighIncome,HighIncome,pfob,NATPES,-0.015603289008
AgrFishFor,MidIncome,HighIncome,pfob,NATPES,-0.44700813293
MinManuf,MidIncome,HighIncome,pfob,NATPES,0.044917620718
Services,MidIncome,HighIncome,pfob,NATPES,0.030736740679
AgrFishFor,LowIncome,HighIncome,pfob,NATPES,-0.41041105986
MinManuf,LowIncome,HighIncome,pfob,NATPES,0.030638722703
Services,LowIncome,HighIncome,pfob,NATPES,9.28176473826170E-0003
AgrFishFor,HighIncome,MidIncome,pfob,NATPES,-0.32684209943
MinManuf,HighIncome,MidIncome,pfob,NATPES,0.04421634227
Services,HighIncome,MidIncome,pfob,NATPES,-8.37368518114090E-0003
AgrFishFor,MidIncome,MidIncome,pfob,NATPES,-0.62516498566
MinManuf,MidIncome,MidIncome,pfob,NATPES,0.058259252459
Services,MidIncome,MidIncome,pfob,NATPES,0.034157175571
AgrFishFor,LowIncome,MidIncome,pfob,NATPES,-0.7038654685
MinManuf,LowIncome,MidIncome,pfob,NATPES,0.039891503751
Services,LowIncome,MidIncome,pfob,NATPES,9.68154985457659E-0003
AgrFishFor,HighIncome,LowIncome,pfob,NATPES,-0.14795671403
MinManuf,HighIncome,LowIncome,pfob,NATPES,0.036577064544
Services,HighIncome,LowIncome,pfob,NATPES,-7.92570132762194E-0003
AgrFishFor,MidIncome,LowIncome,pfob,NATPES,-0.47376823425
MinManuf,MidIncome,LowIncome,pfob,NATPES,0.047398719937
Services,MidIncome,LowIncome,pfob,NATPES,0.034221492708
AgrFishFor,LowIncome,LowIncome,pfob,NATPES,-0.34310057759
MinManuf,LowIncome,LowIncome,pfob,NATPES,0.030918799341
Services,LowIncome,LowIncome,pfob,NATPES,0.010583944619
AgrFishFor,HighIncome,HighIncome,qxs,SRLand,-0.50773710012
MinManuf,HighIncome,HighIncome,qxs,SRLand,0.11144828051
Services,HighIncome,HighIncome,qxs,SRLand,0.012206269428
AgrFishFor,MidIncome,HighIncome,qxs,SRLand,0.4649926424
MinManuf,MidIncome,HighIncome,qxs,SRLand,-0.020788487047
Services,MidIncome,HighIncome,qxs,SRLand,-0.021818522364
AgrFishFor,LowIncome,HighIncome,qxs,SRLand,0.48798501492
MinManuf,LowIncome,HighIncome,qxs,SRLand,-0.019828060642
Services,LowIncome,HighIncome,qxs,SRLand,-0.073268972337
AgrFishFor,HighIncome,MidIncome,qxs,SRLand,-1.0543974638
MinManuf,HighIncome,MidIncome,qxs,SRLand,0.10392202437
Services,HighIncome,MidIncome,qxs,SRLand,0.12004876137
AgrFishFor,MidIncome,MidIncome,qxs,SRLand,0.048318069428
MinManuf,MidIncome,MidIncome,qxs,SRLand,0.038151312619
Services,MidIncome,MidIncome,qxs,SRLand,0.074464589357
AgrFishFor,LowIncome,MidIncome,qxs,SRLand,0.16781063378
MinManuf,LowIncome,MidIncome,qxs,SRLand,0.039330415428
Services,LowIncome,MidIncome,qxs,SRLand,0.028235349804
AgrFishFor,HighIncome,LowIncome,qxs,SRLand,-1.0171927214
MinManuf,HighIncome,LowIncome,qxs,SRLand,0.039354279637
Services,HighIncome,LowIncome,qxs,SRLand,0.082685336471
AgrFishFor,MidIncome,LowIncome,qxs,SRLand,0.39085552096
MinManuf,MidIncome,LowIncome,qxs,SRLand,0.012812020257
Services,MidIncome,LowIncome,qxs,SRLand,0.041403088719
AgrFishFor,LowIncome,LowIncome,qxs,SRLand,-0.10612438619
MinManuf,LowIncome,LowIncome,qxs,SRLand,0.019208472222
Services,LowIncome,LowIncome,qxs,SRLand,-5.96085935831070E-0003
AgrFishFor,HighIncome,HighIncome,pfob,SRLand,0.40096491575
MinManuf,HighIncome,HighIncome,pfob,SRLand,0.11580334604
Services,HighIncome,HighIncome,pfob,SRLand,0.066524103284
AgrFishFor,MidIncome,HighIncome,pfob,SRLand,0.097082778811
MinManuf,MidIncome,HighIncome,pfob,SRLand,0.12395320833
Services,MidIncome,HighIncome,pfob,SRLand,0.0873580724
AgrFishFor,LowIncome,HighIncome,pfob,SRLand,-0.032712299377
MinManuf,LowIncome,HighIncome,pfob,SRLand,0.1096322611
Services,LowIncome,HighIncome,pfob,SRLand,0.099544614553
AgrFishFor,HighIncome,MidIncome,pfob,SRLand,0.078523933887
MinManuf,HighIncome,MidIncome,pfob,SRLand,0.1160023436
Services,HighIncome,MidIncome,pfob,SRLand,0.076878301799
AgrFishFor,MidIncome,MidIncome,pfob,SRLand,-0.14084285498
MinManuf,MidIncome,MidIncome,pfob,SRLand,0.13581956923
Services,MidIncome,MidIncome,pfob,SRLand,0.090193480253
AgrFishFor,LowIncome,MidIncome,pfob,SRLand,-0.34084635973
MinManuf,LowIncome,MidIncome,pfob,SRLand,0.11951950192
Services,LowIncome,MidIncome,pfob,SRLand,0.10118934512
AgrFishFor,HighIncome,LowIncome,pfob,SRLand,0.50983631611
MinManuf,HighIncome,LowIncome,pfob,SRLand,0.11382293701
Services,HighIncome,LowIncome,pfob,SRLand,0.078682467341
AgrFishFor,MidIncome,LowIncome,pfob,SRLand,-0.029129466042
MinManuf,MidIncome,LowIncome,pfob,SRLand,0.12656135857
Services,MidIncome,LowIncome,pfob,SRLand,0.08946351707
AgrFishFor,LowIncome,LowIncome,pfob,SRLand,0.043969143182
MinManuf,LowIncome,LowIncome,pfob,SRLand,0.11096394062
Services,LowIncome,LowIncome,pfob,SRLand,0.10174542665
AgrFishFor,HighIncome,HighIncome,qxs,SRnD20,1.0006422997
MinManuf,HighIncome,HighIncome,qxs,SRnD20,-0.14146964252
Services,HighIncome,HighIncome,qxs,SRnD20,-3.72696784324944E-0003
AgrFishFor,MidIncome,HighIncome,qxs,SRnD20,1.2489016056
MinManuf,MidIncome,HighIncome,qxs,SRnD20,-0.04620173946
Services,MidIncome,HighIncome,qxs,SRnD20,0.014050236903
AgrFishFor,LowIncome,HighIncome,qxs,SRnD20,-1.9625666142
MinManuf,LowIncome,HighIncome,qxs,SRnD20,0.13059239089
Services,LowIncome,HighIncome,qxs,SRnD20,0.15039989352
AgrFishFor,HighIncome,MidIncome,qxs,SRnD20,0.6321709156
MinManuf,HighIncome,MidIncome,qxs,SRnD20,-0.07258503139
Services,HighIncome,MidIncome,qxs,SRnD20,0.15984210372
AgrFishFor,MidIncome,MidIncome,qxs,SRnD20,0.53676110506
MinManuf,MidIncome,MidIncome,qxs,SRnD20,0.078151531518
Services,MidIncome,MidIncome,qxs,SRnD20,0.13323695958
AgrFishFor,LowIncome,MidIncome,qxs,SRnD20,-1.4667036533
MinManuf,LowIncome,MidIncome,qxs,SRnD20,0.19787871838
Services,LowIncome,MidIncome,qxs,SRnD20,0.32493034005
AgrFishFor,HighIncome,LowIncome,qxs,SRnD20,3.6502349377
MinManuf,HighIncome,LowIncome,qxs,SRnD20,-0.28587177396
Services,HighIncome,LowIncome,qxs,SRnD20,-0.08762281388
AgrFishFor,MidIncome,LowIncome,qxs,SRnD20,2.7472925186
MinManuf,MidIncome,LowIncome,qxs,SRnD20,-0.050396490842
Services,MidIncome,LowIncome,qxs,SRnD20,-0.13498678803
AgrFishFor,LowIncome,LowIncome,qxs,SRnD20,-0.86569547653
MinManuf,LowIncome,LowIncome,qxs,SRnD20,0.097308315337
Services,LowIncome,LowIncome,qxs,SRnD20,0.053438078612
AgrFishFor,HighIncome,HighIncome,pfob,SRnD20,-1.3517546654
MinManuf,HighIncome,HighIncome,pfob,SRnD20,0.33324840665
Services,HighIncome,HighIncome,pfob,SRnD20,0.16221946478
AgrFishFor,MidIncome,HighIncome,pfob,SRnD20,-1.3741301298
MinManuf,MidIncome,HighIncome,pfob,SRnD20,0.2916380167
Services,MidIncome,HighIncome,pfob,SRnD20,0.16644985974
AgrFishFor,LowIncome,HighIncome,pfob,SRnD20,-0.8129568696
MinManuf,LowIncome,HighIncome,pfob,SRnD20,0.21775682271
Services,LowIncome,HighIncome,pfob,SRnD20,0.12889610231
AgrFishFor,HighIncome,MidIncome,pfob,SRnD20,-1.7075120211
MinManuf,HighIncome,MidIncome,pfob,SRnD20,0.31883132458
Services,HighIncome,MidIncome,pfob,SRnD20,0.16933943331
AgrFishFor,MidIncome,MidIncome,pfob,SRnD20,-1.5051771402
MinManuf,MidIncome,MidIncome,pfob,SRnD20,0.32854562998
Services,MidIncome,MidIncome,pfob,SRnD20,0.18427564204
AgrFishFor,LowIncome,MidIncome,pfob,SRnD20,-1.3667161465
MinManuf,LowIncome,MidIncome,pfob,SRnD20,0.25076988339
Services,LowIncome,MidIncome,pfob,SRnD20,0.13025039434
AgrFishFor,HighIncome,LowIncome,pfob,SRnD20,-1.1544634104
MinManuf,HighIncome,LowIncome,pfob,SRnD20,0.29460775852
Services,HighIncome,LowIncome,pfob,SRnD20,0.16812501848
AgrFishFor,MidIncome,LowIncome,pfob,SRnD20,-1.4602365494
MinManuf,MidIncome,LowIncome,pfob,SRnD20,0.29774624109
Services,MidIncome,LowIncome,pfob,SRnD20,0.17984132469
AgrFishFor,LowIncome,LowIncome,pfob,SRnD20,-0.57393813133
MinManuf,LowIncome,LowIncome,pfob,SRnD20,0.21888911724
Services,LowIncome,LowIncome,pfob,SRnD20,0.13202142715
AgrFishFor,HighIncome,HighIncome,qxs,GPESSRRnD20,1.0618152618
MinManuf,HighIncome,HighIncome,qxs,GPESSRRnD20,-0.24240711331
Services,HighIncome,HighIncome,qxs,GPESSRRnD20,0.010575067252
AgrFishFor,MidIncome,HighIncome,qxs,GPESSRRnD20,1.1764820814
MinManuf,MidIncome,HighIncome,qxs,GPESSRRnD20,-0.041469357908
Services,MidIncome,HighIncome,qxs,GPESSRRnD20,0.010707899928
AgrFishFor,LowIncome,HighIncome,qxs,GPESSRRnD20,-1.0138878822
MinManuf,LowIncome,HighIncome,qxs,GPESSRRnD20,0.38782909513
Services,LowIncome,HighIncome,qxs,GPESSRRnD20,0.35189840198
AgrFishFor,HighIncome,MidIncome,qxs,GPESSRRnD20,0.032532442361
MinManuf,HighIncome,MidIncome,qxs,GPESSRRnD20,-0.13063575327
Services,HighIncome,MidIncome,qxs,GPESSRRnD20,0.10721068084
AgrFishFor,MidIncome,MidIncome,qxs,GPESSRRnD20,0.52671551704
MinManuf,MidIncome,MidIncome,qxs,GPESSRRnD20,0.041435174644
Services,MidIncome,MidIncome,qxs,GPESSRRnD20,0.08709679544
AgrFishFor,LowIncome,MidIncome,qxs,GPESSRRnD20,-1.2312678099
MinManuf,LowIncome,MidIncome,qxs,GPESSRRnD20,0.31849703193
Services,LowIncome,MidIncome,qxs,GPESSRRnD20,0.48492902517
AgrFishFor,HighIncome,LowIncome,qxs,GPESSRRnD20,2.3120367527
MinManuf,HighIncome,LowIncome,qxs,GPESSRRnD20,-0.41809123755
Services,HighIncome,LowIncome,qxs,GPESSRRnD20,-0.25505524874
AgrFishFor,MidIncome,LowIncome,qxs,GPESSRRnD20,2.3356583118
MinManuf,MidIncome,LowIncome,qxs,GPESSRRnD20,-0.13994912803
Services,MidIncome,LowIncome,qxs,GPESSRRnD20,-0.29918250442
AgrFishFor,LowIncome,LowIncome,qxs,GPESSRRnD20,-0.75968635082
MinManuf,LowIncome,LowIncome,qxs,GPESSRRnD20,0.17512668669
Services,LowIncome,LowIncome,qxs,GPESSRRnD20,0.086280554533
AgrFishFor,HighIncome,HighIncome,pfob,GPESSRRnD20,-0.86980021
MinManuf,HighIncome,HighIncome,pfob,GPESSRRnD20,0.3214379549
Services,HighIncome,HighIncome,pfob,GPESSRRnD20,0.1745634526
AgrFishFor,MidIncome,HighIncome,pfob,GPESSRRnD20,-0.97391349077
MinManuf,MidIncome,HighIncome,pfob,GPESSRRnD20,0.27359777689
Services,MidIncome,HighIncome,pfob,GPESSRRnD20,0.16777200997
AgrFishFor,LowIncome,HighIncome,pfob,GPESSRRnD20,-0.62695211172
MinManuf,LowIncome,HighIncome,pfob,GPESSRRnD20,0.1736702919
Services,LowIncome,HighIncome,pfob,GPESSRRnD20,0.077998198569
AgrFishFor,HighIncome,MidIncome,pfob,GPESSRRnD20,-1.0989519358
MinManuf,HighIncome,MidIncome,pfob,GPESSRRnD20,0.30476263165
Services,HighIncome,MidIncome,pfob,GPESSRRnD20,0.17320854962
AgrFishFor,MidIncome,MidIncome,pfob,GPESSRRnD20,-1.1637470722
MinManuf,MidIncome,MidIncome,pfob,GPESSRRnD20,0.29575273395
Services,MidIncome,MidIncome,pfob,GPESSRRnD20,0.18534690142
AgrFishFor,LowIncome,MidIncome,pfob,GPESSRRnD20,-1.0167890787
MinManuf,LowIncome,MidIncome,pfob,GPESSRRnD20,0.20386616886
Services,LowIncome,MidIncome,pfob,GPESSRRnD20,0.079789966345
AgrFishFor,HighIncome,LowIncome,pfob,GPESSRRnD20,-0.73347264528
MinManuf,HighIncome,LowIncome,pfob,GPESSRRnD20,0.28154876828
Services,HighIncome,LowIncome,pfob,GPESSRRnD20,0.17063888907
AgrFishFor,MidIncome,LowIncome,pfob,GPESSRRnD20,-1.1859730482
MinManuf,MidIncome,LowIncome,pfob,GPESSRRnD20,0.27280381322
Services,MidIncome,LowIncome,pfob,GPESSRRnD20,0.18054425716
AgrFishFor,LowIncome,LowIncome,pfob,GPESSRRnD20,-0.44278177619
MinManuf,LowIncome,LowIncome,pfob,GPESSRRnD20,0.1752846688
Services,LowIncome,LowIncome,pfob,GPESSRRnD20,0.082569718361
AgrFishFor,HighIncome,HighIncome,qxs,BAU_aESRigid,-0.25878947973
MinManuf,HighIncome,HighIncome,qxs,BAU_aESRigid,-1.615442276
Services,HighIncome,HighIncome,qxs,BAU_aESRigid,0.85744136572
AgrFishFor,MidIncome,HighIncome,qxs,BAU_aESRigid,0.34718129039
MinManuf,MidIncome,HighIncome,qxs,BAU_aESRigid,-0.21715854108
Services,MidIncome,HighIncome,qxs,BAU_aESRigid,0.31341856718
AgrFishFor,LowIncome,HighIncome,qxs,BAU_aESRigid,0.8443390131
MinManuf,LowIncome,HighIncome,qxs,BAU_aESRigid,0.27726843953
Services,LowIncome,HighIncome,qxs,BAU_aESRigid,-0.5094602704
AgrFishFor,HighIncome,MidIncome,qxs,BAU_aESRigid,0.69661211967
MinManuf,HighIncome,MidIncome,qxs,BAU_aESRigid,-0.80252969265
Services,HighIncome,MidIncome,qxs,BAU_aESRigid,1.4155851603
AgrFishFor,MidIncome,MidIncome,qxs,BAU_aESRigid,-0.092150084674
MinManuf,MidIncome,MidIncome,qxs,BAU_aESRigid,0.78235220909
Services,MidIncome,MidIncome,qxs,BAU_aESRigid,1.1041477919
AgrFishFor,LowIncome,MidIncome,qxs,BAU_aESRigid,0.79720145464
MinManuf,LowIncome,MidIncome,qxs,BAU_aESRigid,0.91524237394
Services,LowIncome,MidIncome,qxs,BAU_aESRigid,0.54936009645
AgrFishFor,HighIncome,LowIncome,qxs,BAU_aESRigid,0.3411501646
MinManuf,HighIncome,LowIncome,qxs,BAU_aESRigid,-1.3129160404
Services,HighIncome,LowIncome,qxs,BAU_aESRigid,1.1177072525
AgrFishFor,MidIncome,LowIncome,qxs,BAU_aESRigid,-1.0278006792
MinManuf,MidIncome,LowIncome,qxs,BAU_aESRigid,0.065518632531
Services,MidIncome,LowIncome,qxs,BAU_aESRigid,0.65309971571
AgrFishFor,LowIncome,LowIncome,qxs,BAU_aESRigid,0.42984116077
MinManuf,LowIncome,LowIncome,qxs,BAU_aESRigid,0.050447873771
Services,LowIncome,LowIncome,qxs,BAU_aESRigid,-0.093785174191
AgrFishFor,HighIncome,HighIncome,pfob,BAU_aESRigid,0.24727842212
MinManuf,HighIncome,HighIncome,pfob,BAU_aESRigid,1.7639881372
Services,HighIncome,HighIncome,pfob,BAU_aESRigid,-0.47749519348
AgrFishFor,MidIncome,HighIncome,pfob,BAU_aESRigid,0.045153278857
MinManuf,MidIncome,HighIncome,pfob,BAU_aESRigid,1.1782642603
Services,MidIncome,HighIncome,pfob,BAU_aESRigid,-0.44885662198
AgrFishFor,LowIncome,HighIncome,pfob,BAU_aESRigid,-0.27318006754
MinManuf,LowIncome,HighIncome,pfob,BAU_aESRigid,0.62072712183
Services,LowIncome,HighIncome,pfob,BAU_aESRigid,-0.20031015575
AgrFishFor,HighIncome,MidIncome,pfob,BAU_aESRigid,-0.10169080645
MinManuf,HighIncome,MidIncome,pfob,BAU_aESRigid,1.5300525427
Services,HighIncome,MidIncome,pfob,BAU_aESRigid,-0.53907871246
AgrFishFor,MidIncome,MidIncome,pfob,BAU_aESRigid,0.30662345886
MinManuf,MidIncome,MidIncome,pfob,BAU_aESRigid,1.5109459162
Services,MidIncome,MidIncome,pfob,BAU_aESRigid,-0.38832095265
AgrFishFor,LowIncome,MidIncome,pfob,BAU_aESRigid,-0.25471049547
MinManuf,LowIncome,MidIncome,pfob,BAU_aESRigid,0.94345843792
Services,LowIncome,MidIncome,pfob,BAU_aESRigid,-0.19812694192
AgrFishFor,HighIncome,LowIncome,pfob,BAU_aESRigid,0.43522042036
MinManuf,HighIncome,LowIncome,pfob,BAU_aESRigid,1.1779857874
Services,HighIncome,LowIncome,pfob,BAU_aESRigid,-0.54286122322
AgrFishFor,MidIncome,LowIncome,pfob,BAU_aESRigid,0.72077065706
MinManuf,MidIncome,LowIncome,pfob,BAU_aESRigid,1.1939924955
Services,MidIncome,LowIncome,pfob,BAU_aESRigid,-0.41134220362
AgrFishFor,LowIncome,LowIncome,pfob,BAU_aESRigid,-0.43905550241
MinManuf,LowIncome,LowIncome,pfob,BAU_aESRigid,0.71337503195
Services,LowIncome,LowIncome,pfob,BAU_aESRigid,-0.19296015799
AgrFishFor,HighIncome,HighIncome,qxs,BAU_aECOLLPS,12.794501305
MinManuf,HighIncome,HighIncome,qxs,BAU_aECOLLPS,-21.18731308
Services,HighIncome,HighIncome,qxs,BAU_aECOLLPS,20.521060944
AgrFishFor,MidIncome,HighIncome,qxs,BAU_aECOLLPS,6.7568535805
MinManuf,MidIncome,HighIncome,qxs,BAU_aECOLLPS,-2.4859814644
Services,MidIncome,HighIncome,qxs,BAU_aECOLLPS,8.3448314667
AgrFishFor,LowIncome,HighIncome,qxs,BAU_aECOLLPS,78.707099915
MinManuf,LowIncome,HighIncome,qxs,BAU_aECOLLPS,3.6133084297
Services,LowIncome,HighIncome,qxs,BAU_aECOLLPS,-8.7811136246
AgrFishFor,HighIncome,MidIncome,qxs,BAU_aECOLLPS,14.741409302
MinManuf,HighIncome,MidIncome,qxs,BAU_aECOLLPS,-14.357294083
Services,HighIncome,MidIncome,qxs,BAU_aECOLLPS,9.2882871628
AgrFishFor,MidIncome,MidIncome,qxs,BAU_aECOLLPS,-9.8633050919
MinManuf,MidIncome,MidIncome,qxs,BAU_aECOLLPS,1.7002376318
Services,MidIncome,MidIncome,qxs,BAU_aECOLLPS,4.9848928452
AgrFishFor,LowIncome,MidIncome,qxs,BAU_aECOLLPS,9.9045009613
MinManuf,LowIncome,MidIncome,qxs,BAU_aECOLLPS,3.8919150829
Services,LowIncome,MidIncome,qxs,BAU_aECOLLPS,-11.009096146
AgrFishFor,HighIncome,LowIncome,qxs,BAU_aECOLLPS,-0.70845890045
MinManuf,HighIncome,LowIncome,qxs,BAU_aECOLLPS,-15.174370766
Services,HighIncome,LowIncome,qxs,BAU_aECOLLPS,18.246440887
AgrFishFor,MidIncome,LowIncome,qxs,BAU_aECOLLPS,-20.381696701
MinManuf,MidIncome,LowIncome,qxs,BAU_aECOLLPS,0.59646177292
Services,MidIncome,LowIncome,qxs,BAU_aECOLLPS,13.660284042
AgrFishFor,LowIncome,LowIncome,qxs,BAU_aECOLLPS,1.6486828327
MinManuf,LowIncome,LowIncome,qxs,BAU_aECOLLPS,1.5954114199
Services,LowIncome,LowIncome,qxs,BAU_aECOLLPS,-3.6400780678
AgrFishFor,HighIncome,HighIncome,pfob,BAU_aECOLLPS,31.833717346
MinManuf,HighIncome,HighIncome,pfob,BAU_aECOLLPS,3.9105162621
Services,HighIncome,HighIncome,pfob,BAU_aECOLLPS,-8.1949663162
AgrFishFor,MidIncome,HighIncome,pfob,BAU_aECOLLPS,49.170001984
MinManuf,MidIncome,HighIncome,pfob,BAU_aECOLLPS,0.91507691145
Services,MidIncome,HighIncome,pfob,BAU_aECOLLPS,-6.5741767883
AgrFishFor,LowIncome,HighIncome,pfob,BAU_aECOLLPS,52.435646057
MinManuf,LowIncome,HighIncome,pfob,BAU_aECOLLPS,-0.74944150448
Services,LowIncome,HighIncome,pfob,BAU_aECOLLPS,-2.4137964249
AgrFishFor,HighIncome,MidIncome,pfob,BAU_aECOLLPS,63.4802742
MinManuf,HighIncome,MidIncome,pfob,BAU_aECOLLPS,3.0743615627
Services,HighIncome,MidIncome,pfob,BAU_aECOLLPS,-7.6458191872
AgrFishFor,MidIncome,MidIncome,pfob,BAU_aECOLLPS,63.253253937
MinManuf,MidIncome,MidIncome,pfob,BAU_aECOLLPS,1.1422144175
Services,MidIncome,MidIncome,pfob,BAU_aECOLLPS,-6.5266609192
AgrFishFor,LowIncome,MidIncome,pfob,BAU_aECOLLPS,73.915054321
MinManuf,LowIncome,MidIncome,pfob,BAU_aECOLLPS,-0.11712317914
Services,LowIncome,MidIncome,pfob,BAU_aECOLLPS,-2.4018609524
AgrFishFor,HighIncome,LowIncome,pfob,BAU_aECOLLPS,32.184410095
MinManuf,HighIncome,LowIncome,pfob,BAU_aECOLLPS,2.5661005974
Services,HighIncome,LowIncome,pfob,BAU_aECOLLPS,-7.4678368568
AgrFishFor,MidIncome,LowIncome,pfob,BAU_aECOLLPS,55.952507019
MinManuf,MidIncome,LowIncome,pfob,BAU_aECOLLPS,0.66373479366
Services,MidIncome,LowIncome,pfob,BAU_aECOLLPS,-6.510283947
AgrFishFor,LowIncome,LowIncome,pfob,BAU_aECOLLPS,39.575454712
MinManuf,LowIncome,LowIncome,pfob,BAU_aECOLLPS,-0.43209257722
Services,LowIncome,LowIncome,pfob,BAU_aECOLLPS,-2.4173927307
